INSERT IGNORE  INTO `sys_dept_` (`id_`, `parent_id_`, `node_key_`, `node_path_`, `key_`, `name_`, `alias_`, `short_name_`, `management_relation_`, `type_`, `duty_`, `usc_no_`, `addr_`, `addr_no_`, `status_`, `enable_`, `allow_user_join_`, `sort_`, `tmp_`, `create_by_`, `create_time_`, `update_by_`, `update_time_`, `owner_user_id_`, `owner_user_account_`, `owner_dept_id_`, `owner_dept_code_`, `owner_dept_name_`) VALUES ('ed7386f15e8860834583cd0552a3630c', '0', 'c454318aebcc4045', '/c454318aebcc4045', 'basic_service_manager', '基座服务管理组', NULL, NULL, NULL, 'zsdw', NULL, NULL, NULL, NULL, '1', '1', NULL, 0, NULL, '王澳', '2025-04-26 16:35:04', '王澳', '2025-04-26 16:35:04', '2c9281b36b3f5c07016b55483fb80e88', 'wangao', 'ff8080816e4a753b016f23c96e100128', '23010000D001', '市纪委监委领导');
INSERT IGNORE  INTO `sys_app_` (`id_`, `key_`, `name_`, `main_page_path_`, `secret_`, `status_`, `desc_`, `sort_`, `create_by_`,
                        `create_time_`, `update_by_`, `update_time_`)
VALUES ('0', 'basic', '基座服务', '/app', '000000', '1',
        '基座服务提供了一些全局服务，如用户管理、组织管理、角色管理、菜单管理、字典管理等功能。', -9999, '王澳',
        '2025-04-16 14:06:38', '王澳', '2025-04-16 14:06:55');
INSERT IGNORE  INTO `sys_config_` (`id_`, `owner_app_id_`, `key_`, `name_`, `value_`, `status_`, `desc_`, `sort_`, `locked_`, `create_by_`, `create_time_`, `update_by_`, `update_time_`, `owner_user_id_`, `owner_user_account_`, `owner_dept_id_`, `owner_dept_code_`, `owner_dept_name_`) VALUES ('09bda32ea10649d2bc021b3e12b3750d', '0', 'password_strength', '密码强度策略', '^.{6,}$', '1', '一些常用的策略：\n1、长度校验，至少6位：^.{6,}$\n2、至少 8 位，必须包含字母和数字：^(?=.*[A-Za-z])(?=.*\\d)[A-Za-z\\d]{8,}$\n3、至少 8 位，必须包含大小写字母和数字：^(?=.*[a-z])(?=.*[A-Z])(?=.*\\d)[A-Za-z\\d]{8,}$\n4、至少 8 位，包含大写、小写、数字和特殊字符：^(?=.*[a-z])(?=.*[A-Z])(?=.*\\d)(?=.*[!@#$%^&*()_+\\-=\\[\\]{};\':\"\\\\|,.<>\\/?])[A-Za-z\\d!@#$%^&*()_+\\-=\\[\\]{};\':\"\\\\|,.<>\\/?]{8,}$', 350, '0', '王澳', '2025-04-24 20:52:19', '王澳', '2025-04-24 20:52:19', '2c9281b36b3f5c07016b55483fb80e88', 'wangao', 'ff8080816e4a753b016f23c96e100128', '23010000D001', '市纪委监委领导');
INSERT IGNORE  INTO `sys_config_` (`id_`, `owner_app_id_`, `key_`, `name_`, `value_`, `status_`, `desc_`, `sort_`, `locked_`, `create_by_`, `create_time_`, `update_by_`, `update_time_`, `owner_user_id_`, `owner_user_account_`, `owner_dept_id_`, `owner_dept_code_`, `owner_dept_name_`) VALUES ('6ffd535376ad1972c1aba7e233d12dee', '0', 'auto_un_lock', '自动解锁时间间隔', '30s', '1', '用于自动解锁的时间间隔，需要符合 ISO-8601 格式；\n如将此值设置为0，则系统不会自动解锁任何账号，需要管理员手动对锁定的账号进行解锁。', 600, '0', '王澳', '2025-04-25 13:17:14', '王澳', '2025-04-25 13:17:14', '2c9281b36b3f5c07016b55483fb80e88', 'wangao', 'ff8080816e4a753b016f23c96e100128', '23010000D001', '市纪委监委领导');
INSERT IGNORE  INTO `sys_config_` (`id_`, `owner_app_id_`, `key_`, `name_`, `value_`, `status_`, `desc_`, `sort_`, `locked_`, `create_by_`, `create_time_`, `update_by_`, `update_time_`, `owner_user_id_`, `owner_user_account_`, `owner_dept_id_`, `owner_dept_code_`, `owner_dept_name_`) VALUES ('81ebd15972be7610471f2697122613b2', '0', 'max_try_login_count', '最大允许错误登录次数', '3', '1', '设置为0值表示不限', 500, '0', '王澳', '2025-04-23 10:38:45', '王澳', '2025-04-23 10:38:45', '2c9281b36b3f5c07016b55483fb80e88', 'wangao', 'ff8080816e4a753b016f23c96e100128', '23010000D001', '市纪委监委领导');
INSERT IGNORE  INTO `sys_config_` (`id_`, `owner_app_id_`, `key_`, `name_`, `value_`, `status_`, `desc_`, `sort_`, `locked_`, `create_by_`, `create_time_`, `update_by_`, `update_time_`, `owner_user_id_`, `owner_user_account_`, `owner_dept_id_`, `owner_dept_code_`, `owner_dept_name_`) VALUES ('b10234b5b3f0cdc0cb53d39daaeff066', '0', 'password_strength_desc', '密码强度策略说明', '最少需要六位', '1', '', 100, '0', '王澳', '2025-04-24 21:15:37', '王澳', '2025-04-29 10:15:56', '2c9281b36b3f5c07016b55483fb80e88', 'wangao', 'ff8080816e4a753b016f23c96e100128', '23010000D001', '市纪委监委领导');
INSERT IGNORE  INTO `sys_config_` (`id_`, `owner_app_id_`, `key_`, `name_`, `value_`, `status_`, `desc_`, `sort_`, `locked_`, `create_by_`, `create_time_`, `update_by_`, `update_time_`, `owner_user_id_`, `owner_user_account_`, `owner_dept_id_`, `owner_dept_code_`, `owner_dept_name_`) VALUES ('df4ba078b8fea8f43dfa5753cf97d81c', '0', 'default_password', '重置默认密码', '1234567890', '1', NULL, 400, '0', '王澳', '2025-04-23 10:29:13', '王澳', '2025-04-23 10:29:13', '2c9281b36b3f5c07016b55483fb80e88', 'wangao', 'ff8080816e4a753b016f23c96e100128', '23010000D001', '市纪委监委领导');

INSERT IGNORE  INTO `sys_dict_type_` (`id_`, `owner_app_id_`, `key_`, `name_`, `status_`, `max_length_`, `help_message_`, `desc_`, `sort_`, `create_by_`, `create_time_`, `update_by_`, `update_time_`, `owner_user_id_`, `owner_user_account_`, `owner_dept_id_`, `owner_dept_code_`, `owner_dept_name_`) VALUES ('1907644978767638530', NULL, 'status', '状态', '1', NULL, NULL, '业务状态，一般用于标识启用或者禁用。\n禁用数据通常对应了不可访问，不可使用等。', 150, NULL, NULL, '王澳', '2025-05-25 15:25:32', NULL, NULL, NULL, NULL, NULL);
INSERT IGNORE  INTO `sys_dict_type_` (`id_`, `owner_app_id_`, `key_`, `name_`, `status_`, `max_length_`, `help_message_`, `desc_`, `sort_`, `create_by_`, `create_time_`, `update_by_`, `update_time_`, `owner_user_id_`, `owner_user_account_`, `owner_dept_id_`, `owner_dept_code_`, `owner_dept_name_`) VALUES ('1907675684940021761', NULL, 'org_type', '组织类型', '1', NULL, NULL, NULL, 400, NULL, NULL, '王澳', '2025-05-25 15:25:32', NULL, NULL, NULL, NULL, NULL);
INSERT IGNORE  INTO `sys_dict_type_` (`id_`, `owner_app_id_`, `key_`, `name_`, `status_`, `max_length_`, `help_message_`, `desc_`, `sort_`, `create_by_`, `create_time_`, `update_by_`, `update_time_`, `owner_user_id_`, `owner_user_account_`, `owner_dept_id_`, `owner_dept_code_`, `owner_dept_name_`) VALUES ('1907675804188278785', NULL, 'org_status', '组织状态', '1', NULL, NULL, '组织的状态，不是业务状态，可能是对部门设置的一些用于显示的值', 200, NULL, NULL, '王澳', '2025-05-25 15:25:33', NULL, NULL, NULL, NULL, NULL);
INSERT IGNORE  INTO `sys_dict_type_` (`id_`, `owner_app_id_`, `key_`, `name_`, `status_`, `max_length_`, `help_message_`, `desc_`, `sort_`, `create_by_`, `create_time_`, `update_by_`, `update_time_`, `owner_user_id_`, `owner_user_account_`, `owner_dept_id_`, `owner_dept_code_`, `owner_dept_name_`) VALUES ('1907717856917762050', NULL, 'yes_no', '是否', '1', NULL, NULL, NULL, 900, NULL, NULL, '王澳', '2025-05-25 15:25:33', NULL, NULL, NULL, NULL, NULL);
INSERT IGNORE  INTO `sys_dict_type_` (`id_`, `owner_app_id_`, `key_`, `name_`, `status_`, `max_length_`, `help_message_`, `desc_`, `sort_`, `create_by_`, `create_time_`, `update_by_`, `update_time_`, `owner_user_id_`, `owner_user_account_`, `owner_dept_id_`, `owner_dept_code_`, `owner_dept_name_`) VALUES ('1909442459369246722', NULL, 'menu_type', '菜单类型', '1', 1, NULL, NULL, 500, NULL, NULL, '王澳', '2025-05-25 15:25:33', NULL, NULL, NULL, NULL, NULL);
INSERT IGNORE  INTO `sys_dict_type_` (`id_`, `owner_app_id_`, `key_`, `name_`, `status_`, `max_length_`, `help_message_`, `desc_`, `sort_`, `create_by_`, `create_time_`, `update_by_`, `update_time_`, `owner_user_id_`, `owner_user_account_`, `owner_dept_id_`, `owner_dept_code_`, `owner_dept_name_`) VALUES ('1909934697912270849', NULL, 'card_type', '证件类型', '1', 1, NULL, NULL, 700, NULL, NULL, '王澳', '2025-05-25 15:25:33', NULL, NULL, NULL, NULL, NULL);
INSERT IGNORE  INTO `sys_dict_type_` (`id_`, `owner_app_id_`, `key_`, `name_`, `status_`, `max_length_`, `help_message_`, `desc_`, `sort_`, `create_by_`, `create_time_`, `update_by_`, `update_time_`, `owner_user_id_`, `owner_user_account_`, `owner_dept_id_`, `owner_dept_code_`, `owner_dept_name_`) VALUES ('1909944053261230081', NULL, 'sex', '性别', '1', 1, NULL, NULL, 1000, NULL, NULL, '王澳', '2025-05-25 15:25:34', NULL, NULL, NULL, NULL, NULL);
INSERT IGNORE  INTO `sys_dict_type_` (`id_`, `owner_app_id_`, `key_`, `name_`, `status_`, `max_length_`, `help_message_`, `desc_`, `sort_`, `create_by_`, `create_time_`, `update_by_`, `update_time_`, `owner_user_id_`, `owner_user_account_`, `owner_dept_id_`, `owner_dept_code_`, `owner_dept_name_`) VALUES ('4fa06c4af5022ba028adddd6ad25fd9d', NULL, 'sys_user_password_expired_policy', '密码过期策略', '1', 1, NULL, '不建议用户自行添加此字典，需要开发人员新增功能。\n此处设定字典的主要原因是为了以易用用户理解的方式提供界面文本！', 100, '王澳', '2025-04-28 15:02:51', '王澳', '2025-05-25 15:26:42', '2c9281b36b3f5c07016b55483fb80e88', 'wangao', 'ff8080816e4a753b016f23c96e100128', '23010000D001', '市纪委监委领导');
INSERT IGNORE  INTO `sys_dict_type_` (`id_`, `owner_app_id_`, `key_`, `name_`, `status_`, `max_length_`, `help_message_`, `desc_`, `sort_`, `create_by_`, `create_time_`, `update_by_`, `update_time_`, `owner_user_id_`, `owner_user_account_`, `owner_dept_id_`, `owner_dept_code_`, `owner_dept_name_`) VALUES ('62875d6c90a0b26d35aff0b9f64a89fa', NULL, 'list_class', '样式类型', '1', NULL, NULL, NULL, 600, NULL, '2025-04-16 18:16:43', '王澳', '2025-05-25 15:25:34', '2c9281b36b3f5c07016b55483fb80e88', 'wangao', 'ff8080816e4a753b016f23c96e100128', '23010000D001', '市纪委监委领导');
INSERT IGNORE  INTO `sys_dict_type_` (`id_`, `owner_app_id_`, `key_`, `name_`, `status_`, `max_length_`, `help_message_`, `desc_`, `sort_`, `create_by_`, `create_time_`, `update_by_`, `update_time_`, `owner_user_id_`, `owner_user_account_`, `owner_dept_id_`, `owner_dept_code_`, `owner_dept_name_`) VALUES ('7582d3573498f04a2c2ba24224459416', NULL, 'management_relation', '组织业务类型', '1', NULL, NULL, '企业、事业单位、机关、社会团体、民办非企业单位、基金会、居委会和村民委员会等', 300, NULL, '2025-04-20 14:49:30', '王澳', '2025-05-25 15:25:34', '2c9281b36b3f5c07016b55483fb80e88', 'wangao', 'ff8080816e4a753b016f23c96e100128', '23010000D001', '市纪委监委领导');
INSERT IGNORE  INTO `sys_dict_type_` (`id_`, `owner_app_id_`, `key_`, `name_`, `status_`, `max_length_`, `help_message_`, `desc_`, `sort_`, `create_by_`, `create_time_`, `update_by_`, `update_time_`, `owner_user_id_`, `owner_user_account_`, `owner_dept_id_`, `owner_dept_code_`, `owner_dept_name_`) VALUES ('a8fc146a3f618be7cbd2ed6ad7c49e1c', NULL, 'access_scope', '可见范围(用户管辖组织)', '1', NULL, NULL, '如A用户管辖B组织，但可数据范围需要区分是仅本人相关，还是可以查看该部门下所有人的数据。', 1100, NULL, '2025-04-21 09:20:31', '王澳', '2025-05-25 15:25:34', '2c9281b36b3f5c07016b55483fb80e88', 'wangao', 'ff8080816e4a753b016f23c96e100128', '23010000D001', '市纪委监委领导');
INSERT IGNORE  INTO `sys_dict_data_` (`id_`, `owner_app_id_`, `owner_type_id_`, `key_`, `name_`, `value_`, `list_class_`, `selectable_`, `status_`, `help_message_`, `desc_`, `locked_`, `sort_`, `create_by_`, `create_time_`, `update_by_`, `update_time_`, `owner_user_id_`, `owner_user_account_`, `owner_dept_id_`, `owner_dept_code_`, `owner_dept_name_`) VALUES ('034e65583888d18106ba141be1dc84b4', NULL, '1909442459369246722', 'P', '权限', 'P', NULL, '1', '1', NULL, NULL, '0', 0, '系统运维', '2025-05-24 18:25:36', '王澳', '2025-05-25 15:25:33', '08c13e778cbd40826f394a515cb0f6c0', 'devops', 'ed7386f15e8860834583cd0552a3630c', 'system_devops_user', '系统运维管理');
INSERT IGNORE  INTO `sys_dict_data_` (`id_`, `owner_app_id_`, `owner_type_id_`, `key_`, `name_`, `value_`, `list_class_`, `selectable_`, `status_`, `help_message_`, `desc_`, `locked_`, `sort_`, `create_by_`, `create_time_`, `update_by_`, `update_time_`, `owner_user_id_`, `owner_user_account_`, `owner_dept_id_`, `owner_dept_code_`, `owner_dept_name_`) VALUES ('05212c2023d05b2a57dfd088645dcee9', NULL, '1907675684940021761', 'zsdw', '直属单位', 'zsdw', NULL, NULL, '1', NULL, NULL, '0', 1000, '王澳', '2025-04-20 14:50:14', '王澳', '2025-05-25 15:25:32', '2c9281b36b3f5c07016b55483fb80e88', 'wangao', 'ff8080816e4a753b016f23c96e100128', '23010000D001', '市纪委监委领导');
INSERT IGNORE  INTO `sys_dict_data_` (`id_`, `owner_app_id_`, `owner_type_id_`, `key_`, `name_`, `value_`, `list_class_`, `selectable_`, `status_`, `help_message_`, `desc_`, `locked_`, `sort_`, `create_by_`, `create_time_`, `update_by_`, `update_time_`, `owner_user_id_`, `owner_user_account_`, `owner_dept_id_`, `owner_dept_code_`, `owner_dept_name_`) VALUES ('0d81cff4c8d48b6bdf1d60f41ce42926', NULL, '4fa06c4af5022ba028adddd6ad25fd9d', 'expir_at', '指定时间过期', '3', NULL, '1', '1', '指定一个时间，到时后原密码自动过期；用户必须修改密码后才能继续使用。', NULL, '1', 200, '王澳', '2025-04-28 15:06:15', '王澳', '2025-05-25 15:25:34', '2c9281b36b3f5c07016b55483fb80e88', 'wangao', 'ff8080816e4a753b016f23c96e100128', '23010000D001', '市纪委监委领导');
INSERT IGNORE  INTO `sys_dict_data_` (`id_`, `owner_app_id_`, `owner_type_id_`, `key_`, `name_`, `value_`, `list_class_`, `selectable_`, `status_`, `help_message_`, `desc_`, `locked_`, `sort_`, `create_by_`, `create_time_`, `update_by_`, `update_time_`, `owner_user_id_`, `owner_user_account_`, `owner_dept_id_`, `owner_dept_code_`, `owner_dept_name_`) VALUES ('15d56040d813eded4f61f32ed95310b2', NULL, '7582d3573498f04a2c2ba24224459416', 'addr', '地市', 'addr', NULL, '1', '1', NULL, NULL, '1', 100, '王澳', '2025-04-28 14:41:01', '王澳', '2025-05-25 15:25:34', '2c9281b36b3f5c07016b55483fb80e88', 'wangao', 'ff8080816e4a753b016f23c96e100128', '23010000D001', '市纪委监委领导');
INSERT IGNORE  INTO `sys_dict_data_` (`id_`, `owner_app_id_`, `owner_type_id_`, `key_`, `name_`, `value_`, `list_class_`, `selectable_`, `status_`, `help_message_`, `desc_`, `locked_`, `sort_`, `create_by_`, `create_time_`, `update_by_`, `update_time_`, `owner_user_id_`, `owner_user_account_`, `owner_dept_id_`, `owner_dept_code_`, `owner_dept_name_`) VALUES ('1907662051317125121', NULL, '1907644978767638530', 'enable', '启用', '1', 'success', '1', '1', NULL, '', '0', 1, NULL, NULL, '王澳', '2025-05-25 15:25:32', '2c9281b36b3f5c07016b55483fb80e88', 'wangao', 'ff8080816e4a753b016f23c96e100128', '23010000D001', '市纪委监委领导');
INSERT IGNORE  INTO `sys_dict_data_` (`id_`, `owner_app_id_`, `owner_type_id_`, `key_`, `name_`, `value_`, `list_class_`, `selectable_`, `status_`, `help_message_`, `desc_`, `locked_`, `sort_`, `create_by_`, `create_time_`, `update_by_`, `update_time_`, `owner_user_id_`, `owner_user_account_`, `owner_dept_id_`, `owner_dept_code_`, `owner_dept_name_`) VALUES ('1907662113501876225', NULL, '1907644978767638530', 'disable', '禁用', '0', 'warning', '1', '1', NULL, '', '0', 2, NULL, NULL, '王澳', '2025-05-25 15:25:32', '2c9281b36b3f5c07016b55483fb80e88', 'wangao', 'ff8080816e4a753b016f23c96e100128', '23010000D001', '市纪委监委领导');
INSERT IGNORE  INTO `sys_dict_data_` (`id_`, `owner_app_id_`, `owner_type_id_`, `key_`, `name_`, `value_`, `list_class_`, `selectable_`, `status_`, `help_message_`, `desc_`, `locked_`, `sort_`, `create_by_`, `create_time_`, `update_by_`, `update_time_`, `owner_user_id_`, `owner_user_account_`, `owner_dept_id_`, `owner_dept_code_`, `owner_dept_name_`) VALUES ('1907677449051742210', NULL, '1907675804188278785', 'ok', '正常', '1', NULL, '1', '1', NULL, NULL, '0', 0, NULL, NULL, '王澳', '2025-05-25 15:25:33', NULL, NULL, NULL, NULL, NULL);
INSERT IGNORE  INTO `sys_dict_data_` (`id_`, `owner_app_id_`, `owner_type_id_`, `key_`, `name_`, `value_`, `list_class_`, `selectable_`, `status_`, `help_message_`, `desc_`, `locked_`, `sort_`, `create_by_`, `create_time_`, `update_by_`, `update_time_`, `owner_user_id_`, `owner_user_account_`, `owner_dept_id_`, `owner_dept_code_`, `owner_dept_name_`) VALUES ('1907717937192546306', NULL, '1907717856917762050', 'yes', '是', '1', 'processing', '1', '1', NULL, NULL, '0', 1000, NULL, NULL, '王澳', '2025-05-25 15:25:33', '2c9281b36b3f5c07016b55483fb80e88', 'wangao', 'ff8080816e4a753b016f23c96e100128', '23010000D001', '市纪委监委领导');
INSERT IGNORE  INTO `sys_dict_data_` (`id_`, `owner_app_id_`, `owner_type_id_`, `key_`, `name_`, `value_`, `list_class_`, `selectable_`, `status_`, `help_message_`, `desc_`, `locked_`, `sort_`, `create_by_`, `create_time_`, `update_by_`, `update_time_`, `owner_user_id_`, `owner_user_account_`, `owner_dept_id_`, `owner_dept_code_`, `owner_dept_name_`) VALUES ('1907717977579499521', NULL, '1907717856917762050', 'no', '否', '0', 'default', '1', '1', NULL, NULL, '0', 2000, NULL, NULL, '王澳', '2025-05-25 15:25:33', '2c9281b36b3f5c07016b55483fb80e88', 'wangao', 'ff8080816e4a753b016f23c96e100128', '23010000D001', '市纪委监委领导');
INSERT IGNORE  INTO `sys_dict_data_` (`id_`, `owner_app_id_`, `owner_type_id_`, `key_`, `name_`, `value_`, `list_class_`, `selectable_`, `status_`, `help_message_`, `desc_`, `locked_`, `sort_`, `create_by_`, `create_time_`, `update_by_`, `update_time_`, `owner_user_id_`, `owner_user_account_`, `owner_dept_id_`, `owner_dept_code_`, `owner_dept_name_`) VALUES ('1909555216596877314', NULL, '1909442459369246722', 'U', '目录', 'U', NULL, NULL, '1', NULL, '', '0', 100, NULL, NULL, '王澳', '2025-05-25 15:25:33', NULL, NULL, NULL, NULL, NULL);
INSERT IGNORE  INTO `sys_dict_data_` (`id_`, `owner_app_id_`, `owner_type_id_`, `key_`, `name_`, `value_`, `list_class_`, `selectable_`, `status_`, `help_message_`, `desc_`, `locked_`, `sort_`, `create_by_`, `create_time_`, `update_by_`, `update_time_`, `owner_user_id_`, `owner_user_account_`, `owner_dept_id_`, `owner_dept_code_`, `owner_dept_name_`) VALUES ('1909557205229649921', NULL, '1909442459369246722', 'F', '菜单', 'F', NULL, NULL, '1', NULL, NULL, '0', 200, NULL, NULL, '王澳', '2025-05-25 15:25:33', NULL, NULL, NULL, NULL, NULL);
INSERT IGNORE  INTO `sys_dict_data_` (`id_`, `owner_app_id_`, `owner_type_id_`, `key_`, `name_`, `value_`, `list_class_`, `selectable_`, `status_`, `help_message_`, `desc_`, `locked_`, `sort_`, `create_by_`, `create_time_`, `update_by_`, `update_time_`, `owner_user_id_`, `owner_user_account_`, `owner_dept_id_`, `owner_dept_code_`, `owner_dept_name_`) VALUES ('1909557684160446465', NULL, '1909442459369246722', 'B', '按钮', 'B', NULL, NULL, '1', NULL, NULL, '0', 400, NULL, NULL, '王澳', '2025-05-25 15:25:33', NULL, NULL, NULL, NULL, NULL);
INSERT IGNORE  INTO `sys_dict_data_` (`id_`, `owner_app_id_`, `owner_type_id_`, `key_`, `name_`, `value_`, `list_class_`, `selectable_`, `status_`, `help_message_`, `desc_`, `locked_`, `sort_`, `create_by_`, `create_time_`, `update_by_`, `update_time_`, `owner_user_id_`, `owner_user_account_`, `owner_dept_id_`, `owner_dept_code_`, `owner_dept_name_`) VALUES ('1909557767048282113', NULL, '1909442459369246722', 'L', '链接', 'L', NULL, NULL, '1', NULL, NULL, '0', 300, NULL, NULL, '王澳', '2025-05-25 15:25:33', NULL, NULL, NULL, NULL, NULL);
INSERT IGNORE  INTO `sys_dict_data_` (`id_`, `owner_app_id_`, `owner_type_id_`, `key_`, `name_`, `value_`, `list_class_`, `selectable_`, `status_`, `help_message_`, `desc_`, `locked_`, `sort_`, `create_by_`, `create_time_`, `update_by_`, `update_time_`, `owner_user_id_`, `owner_user_account_`, `owner_dept_id_`, `owner_dept_code_`, `owner_dept_name_`) VALUES ('1909934756217290754', NULL, '1909934697912270849', 'S', '公民身份证号', 'S', NULL, NULL, '1', NULL, NULL, '0', 0, NULL, NULL, '王澳', '2025-05-25 15:25:33', NULL, NULL, NULL, NULL, NULL);
INSERT IGNORE  INTO `sys_dict_data_` (`id_`, `owner_app_id_`, `owner_type_id_`, `key_`, `name_`, `value_`, `list_class_`, `selectable_`, `status_`, `help_message_`, `desc_`, `locked_`, `sort_`, `create_by_`, `create_time_`, `update_by_`, `update_time_`, `owner_user_id_`, `owner_user_account_`, `owner_dept_id_`, `owner_dept_code_`, `owner_dept_name_`) VALUES ('1909944107476803585', NULL, '1909944053261230081', '1', '男', '1', NULL, NULL, '1', NULL, NULL, '0', 1, NULL, NULL, '王澳', '2025-05-25 15:25:34', '520bdc87f61ccbf3c6a1220e4d45ac22', 'wangao', '0', NULL, NULL);
INSERT IGNORE  INTO `sys_dict_data_` (`id_`, `owner_app_id_`, `owner_type_id_`, `key_`, `name_`, `value_`, `list_class_`, `selectable_`, `status_`, `help_message_`, `desc_`, `locked_`, `sort_`, `create_by_`, `create_time_`, `update_by_`, `update_time_`, `owner_user_id_`, `owner_user_account_`, `owner_dept_id_`, `owner_dept_code_`, `owner_dept_name_`) VALUES ('1909944144747388930', NULL, '1909944053261230081', '2', '女', '2', NULL, NULL, '1', NULL, NULL, '0', 2, NULL, NULL, '王澳', '2025-05-25 15:25:34', NULL, NULL, NULL, NULL, NULL);
INSERT IGNORE  INTO `sys_dict_data_` (`id_`, `owner_app_id_`, `owner_type_id_`, `key_`, `name_`, `value_`, `list_class_`, `selectable_`, `status_`, `help_message_`, `desc_`, `locked_`, `sort_`, `create_by_`, `create_time_`, `update_by_`, `update_time_`, `owner_user_id_`, `owner_user_account_`, `owner_dept_id_`, `owner_dept_code_`, `owner_dept_name_`) VALUES ('1a21b5f41332db1fbde93222886db204', NULL, '1907675684940021761', 'nsbm', '内设机构', 'nsbm', NULL, NULL, '1', NULL, NULL, '0', 2000, '王澳', '2025-04-20 14:50:28', '王澳', '2025-05-25 15:25:32', '2c9281b36b3f5c07016b55483fb80e88', 'wangao', 'ff8080816e4a753b016f23c96e100128', '23010000D001', '市纪委监委领导');
INSERT IGNORE  INTO `sys_dict_data_` (`id_`, `owner_app_id_`, `owner_type_id_`, `key_`, `name_`, `value_`, `list_class_`, `selectable_`, `status_`, `help_message_`, `desc_`, `locked_`, `sort_`, `create_by_`, `create_time_`, `update_by_`, `update_time_`, `owner_user_id_`, `owner_user_account_`, `owner_dept_id_`, `owner_dept_code_`, `owner_dept_name_`) VALUES ('27b991d477c9e79332d2c8ce30d42cb8', NULL, '62875d6c90a0b26d35aff0b9f64a89fa', 'error', '警报', 'error', 'error', NULL, '1', NULL, NULL, '0', 5, '王澳', '2025-04-16 18:25:03', '王澳', '2025-05-25 15:25:34', '2c9281b36b3f5c07016b55483fb80e88', 'wangao', 'ff8080816e4a753b016f23c96e100128', '23010000D001', '市纪委监委领导');
INSERT IGNORE  INTO `sys_dict_data_` (`id_`, `owner_app_id_`, `owner_type_id_`, `key_`, `name_`, `value_`, `list_class_`, `selectable_`, `status_`, `help_message_`, `desc_`, `locked_`, `sort_`, `create_by_`, `create_time_`, `update_by_`, `update_time_`, `owner_user_id_`, `owner_user_account_`, `owner_dept_id_`, `owner_dept_code_`, `owner_dept_name_`) VALUES ('3448ef863ad064a1bf9f60d9b90e67bc', NULL, '4fa06c4af5022ba028adddd6ad25fd9d', 'next_login_time_must_update', '下次登录时修改', '2', NULL, '1', '1', '用户下次登录的时候必须修改密码', NULL, '1', 100, '王澳', '2025-04-28 15:05:25', '王澳', '2025-05-25 15:25:34', '2c9281b36b3f5c07016b55483fb80e88', 'wangao', 'ff8080816e4a753b016f23c96e100128', '23010000D001', '市纪委监委领导');
INSERT IGNORE  INTO `sys_dict_data_` (`id_`, `owner_app_id_`, `owner_type_id_`, `key_`, `name_`, `value_`, `list_class_`, `selectable_`, `status_`, `help_message_`, `desc_`, `locked_`, `sort_`, `create_by_`, `create_time_`, `update_by_`, `update_time_`, `owner_user_id_`, `owner_user_account_`, `owner_dept_id_`, `owner_dept_code_`, `owner_dept_name_`) VALUES ('669243b561c2a0d8909c427646741f9b', NULL, '62875d6c90a0b26d35aff0b9f64a89fa', 'success', '常态', 'success', 'success', NULL, '1', NULL, NULL, '0', 3, '王澳', '2025-04-16 18:25:29', '王澳', '2025-05-25 15:25:34', '2c9281b36b3f5c07016b55483fb80e88', 'wangao', 'ff8080816e4a753b016f23c96e100128', '23010000D001', '市纪委监委领导');
INSERT IGNORE  INTO `sys_dict_data_` (`id_`, `owner_app_id_`, `owner_type_id_`, `key_`, `name_`, `value_`, `list_class_`, `selectable_`, `status_`, `help_message_`, `desc_`, `locked_`, `sort_`, `create_by_`, `create_time_`, `update_by_`, `update_time_`, `owner_user_id_`, `owner_user_account_`, `owner_dept_id_`, `owner_dept_code_`, `owner_dept_name_`) VALUES ('6e2d2ae5d2e153b20c11851ecff7fb68', NULL, 'a8fc146a3f618be7cbd2ed6ad7c49e1c', 'self', '仅本人', 'self', NULL, NULL, '1', NULL, NULL, '0', 250, '王澳', '2025-04-21 13:22:25', '王澳', '2025-05-25 15:25:34', '2c9281b36b3f5c07016b55483fb80e88', 'wangao', 'ff8080816e4a753b016f23c96e100128', '23010000D001', '市纪委监委领导');
INSERT IGNORE  INTO `sys_dict_data_` (`id_`, `owner_app_id_`, `owner_type_id_`, `key_`, `name_`, `value_`, `list_class_`, `selectable_`, `status_`, `help_message_`, `desc_`, `locked_`, `sort_`, `create_by_`, `create_time_`, `update_by_`, `update_time_`, `owner_user_id_`, `owner_user_account_`, `owner_dept_id_`, `owner_dept_code_`, `owner_dept_name_`) VALUES ('92aa5a04f722cccc651a1cd0349508b1', NULL, '1907675684940021761', 'pzjg', '派驻机构', 'pzjg', NULL, NULL, '1', NULL, NULL, '0', 3000, '王澳', '2025-04-20 14:50:38', '王澳', '2025-05-25 15:25:32', '2c9281b36b3f5c07016b55483fb80e88', 'wangao', 'ff8080816e4a753b016f23c96e100128', '23010000D001', '市纪委监委领导');
INSERT IGNORE  INTO `sys_dict_data_` (`id_`, `owner_app_id_`, `owner_type_id_`, `key_`, `name_`, `value_`, `list_class_`, `selectable_`, `status_`, `help_message_`, `desc_`, `locked_`, `sort_`, `create_by_`, `create_time_`, `update_by_`, `update_time_`, `owner_user_id_`, `owner_user_account_`, `owner_dept_id_`, `owner_dept_code_`, `owner_dept_name_`) VALUES ('99e3baf3df55e0f24a1f2f01d6e6098f', NULL, 'a8fc146a3f618be7cbd2ed6ad7c49e1c', 'all', '所有成员', '1', NULL, NULL, '1', NULL, '这里的值不允许更改，它兼容了历史的统一认证配置。', '0', 125, '王澳', '2025-04-21 13:22:35', '王澳', '2025-05-25 15:25:34', '2c9281b36b3f5c07016b55483fb80e88', 'wangao', 'ff8080816e4a753b016f23c96e100128', '23010000D001', '市纪委监委领导');
INSERT IGNORE  INTO `sys_dict_data_` (`id_`, `owner_app_id_`, `owner_type_id_`, `key_`, `name_`, `value_`, `list_class_`, `selectable_`, `status_`, `help_message_`, `desc_`, `locked_`, `sort_`, `create_by_`, `create_time_`, `update_by_`, `update_time_`, `owner_user_id_`, `owner_user_account_`, `owner_dept_id_`, `owner_dept_code_`, `owner_dept_name_`) VALUES ('b68f55d0c4608ce20f4a316c613de4b6', NULL, '4fa06c4af5022ba028adddd6ad25fd9d', 'disable_change_password', '禁止修改', '4', NULL, '1', '1', '禁止修改用户密码', '', '1', 300, '王澳', '2025-04-28 15:07:12', '王澳', '2025-05-25 15:25:34', '2c9281b36b3f5c07016b55483fb80e88', 'wangao', 'ff8080816e4a753b016f23c96e100128', '23010000D001', '市纪委监委领导');
INSERT IGNORE  INTO `sys_dict_data_` (`id_`, `owner_app_id_`, `owner_type_id_`, `key_`, `name_`, `value_`, `list_class_`, `selectable_`, `status_`, `help_message_`, `desc_`, `locked_`, `sort_`, `create_by_`, `create_time_`, `update_by_`, `update_time_`, `owner_user_id_`, `owner_user_account_`, `owner_dept_id_`, `owner_dept_code_`, `owner_dept_name_`) VALUES ('b91cce82ba5e649d2cf268ff98b28030', NULL, '62875d6c90a0b26d35aff0b9f64a89fa', 'default', '默认', 'default', 'default', NULL, '1', NULL, NULL, '0', 2, '王澳', '2025-04-16 18:18:59', '王澳', '2025-05-25 15:25:34', '2c9281b36b3f5c07016b55483fb80e88', 'wangao', 'ff8080816e4a753b016f23c96e100128', '23010000D001', '市纪委监委领导');
INSERT IGNORE  INTO `sys_dict_data_` (`id_`, `owner_app_id_`, `owner_type_id_`, `key_`, `name_`, `value_`, `list_class_`, `selectable_`, `status_`, `help_message_`, `desc_`, `locked_`, `sort_`, `create_by_`, `create_time_`, `update_by_`, `update_time_`, `owner_user_id_`, `owner_user_account_`, `owner_dept_id_`, `owner_dept_code_`, `owner_dept_name_`) VALUES ('be04add90a58e1c60086cf60e9722857', NULL, '62875d6c90a0b26d35aff0b9f64a89fa', 'processing', '主要', 'processing', 'processing', NULL, '1', NULL, NULL, '0', 1, '王澳', '2025-04-16 18:21:59', '王澳', '2025-05-25 15:25:34', '2c9281b36b3f5c07016b55483fb80e88', 'wangao', 'ff8080816e4a753b016f23c96e100128', '23010000D001', '市纪委监委领导');
INSERT IGNORE  INTO `sys_dict_data_` (`id_`, `owner_app_id_`, `owner_type_id_`, `key_`, `name_`, `value_`, `list_class_`, `selectable_`, `status_`, `help_message_`, `desc_`, `locked_`, `sort_`, `create_by_`, `create_time_`, `update_by_`, `update_time_`, `owner_user_id_`, `owner_user_account_`, `owner_dept_id_`, `owner_dept_code_`, `owner_dept_name_`) VALUES ('c3dd49a1e87be0b036c2d237c6513525', NULL, '4fa06c4af5022ba028adddd6ad25fd9d', 'never', '永不过期', '1', NULL, '1', '1', '密码永远不会过期，不要求用户主动修改密码', NULL, '1', 50, '王澳', '2025-04-28 15:03:31', '王澳', '2025-05-25 15:25:34', '2c9281b36b3f5c07016b55483fb80e88', 'wangao', 'ff8080816e4a753b016f23c96e100128', '23010000D001', '市纪委监委领导');
INSERT IGNORE  INTO `sys_dict_data_` (`id_`, `owner_app_id_`, `owner_type_id_`, `key_`, `name_`, `value_`, `list_class_`, `selectable_`, `status_`, `help_message_`, `desc_`, `locked_`, `sort_`, `create_by_`, `create_time_`, `update_by_`, `update_time_`, `owner_user_id_`, `owner_user_account_`, `owner_dept_id_`, `owner_dept_code_`, `owner_dept_name_`) VALUES ('da8356549b33d3ab00395e6d399b61b5', NULL, '62875d6c90a0b26d35aff0b9f64a89fa', 'warning', '警告', 'warning', 'warning', NULL, '1', NULL, NULL, '0', 4, '王澳', '2025-04-16 18:24:09', '王澳', '2025-05-25 15:25:34', '2c9281b36b3f5c07016b55483fb80e88', 'wangao', 'ff8080816e4a753b016f23c96e100128', '23010000D001', '市纪委监委领导');

INSERT IGNORE  INTO `sys_role_` (`id_`, `owner_app_id_`, `key_`, `name_`, `status_`, `desc_`, `default_grant_`, `priority_`, `main_page_path_`, `sort_`, `create_by_`, `create_time_`, `update_by_`, `update_time_`, `owner_user_id_`, `owner_user_account_`, `owner_dept_id_`, `owner_dept_code_`, `owner_dept_name_`) VALUES ('1910258990948900865', '0', 'audit', '审计管理员', '1', '审计管理员：主要负责系统管理员、安全管理员、用户等行为进行审计跟踪、分析和监督检查，根据分析结果进行处理，包括根据安全审计策略对审计记录进行存储、管理和查询等，及时发现违规行为等。', '1', 90, '/log', 400, NULL, '2025-04-16 14:06:38', '管理员123', '2025-04-14 15:29:12', '2c928ca96a33031e016a33120f2d002c', 'admin', '2c928c9e6a2ec963016a2ee425330091', '000000001', '统一认证平台管理平台');
INSERT IGNORE  INTO `sys_role_` (`id_`, `owner_app_id_`, `key_`, `name_`, `status_`, `desc_`, `default_grant_`, `priority_`, `main_page_path_`, `sort_`, `create_by_`, `create_time_`, `update_by_`, `update_time_`, `owner_user_id_`, `owner_user_account_`, `owner_dept_id_`, `owner_dept_code_`, `owner_dept_name_`) VALUES ('520389bc8d1e6056bc3249f55a76fd4e', '0', 'admin', '系统管理员', '1', '系统管理员主要负责系统的日常运行维护工作。包括网络设备、服务器和用户终端、操作系统数据库、业务系统的安装、配置、升级、维护、运行管理；网络和系统的用户增加或删除；网络和系统的数据备份、运行日志审查和运行情况监控；应急条件下的安全恢复等。', '0', 9999, '/app', 200, '王澳', '2025-04-26 16:31:01', '王澳', '2025-04-26 16:31:01', '2c9281b36b3f5c07016b55483fb80e88', 'wangao', 'ff8080816e4a753b016f23c96e100128', '23010000D001', '市纪委监委领导');
INSERT IGNORE  INTO `sys_role_` (`id_`, `owner_app_id_`, `key_`, `name_`, `status_`, `desc_`, `default_grant_`, `priority_`, `main_page_path_`, `sort_`, `create_by_`, `create_time_`, `update_by_`, `update_time_`, `owner_user_id_`, `owner_user_account_`, `owner_dept_id_`, `owner_dept_code_`, `owner_dept_name_`) VALUES ('888239fc9b9758475350fbc59c0f9849', '0', '*:*:*', '系统维护', '1', '一般由运维人员使用，不建议直接分配给普通用户', '0', -99999999, '', 100, '王澳', '2025-04-23 13:01:27', '王澳', '2025-04-23 13:01:27', '2c9281b36b3f5c07016b55483fb80e88', 'wangao', 'ff8080816e4a753b016f23c96e100128', '23010000D001', '市纪委监委领导');
INSERT IGNORE  INTO `sys_role_` (`id_`, `owner_app_id_`, `key_`, `name_`, `status_`, `desc_`, `default_grant_`, `priority_`, `main_page_path_`, `sort_`, `create_by_`, `create_time_`, `update_by_`, `update_time_`, `owner_user_id_`, `owner_user_account_`, `owner_dept_id_`, `owner_dept_code_`, `owner_dept_name_`) VALUES ('e615d5ea39af87eb52f93110afad338f', '0', 'security', '安全管理员', '1', '安全管理员：主要负责单位网络资产的安全管理工作，包括安全防护体系的建立、各系统的日常安全运维保障、安全设备的管理、安全策略的配置、网络安全事件的处置和响应；应急条件下的安全恢复等。', '0', 100, '/usr', 300, '王澳', '2025-04-26 16:32:54', '王澳', '2025-04-26 16:32:54', '2c9281b36b3f5c07016b55483fb80e88', 'wangao', 'ff8080816e4a753b016f23c96e100128', '23010000D001', '市纪委监委领导');


INSERT IGNORE  INTO `sys_menu_` (`id_`, `owner_app_id_`, `node_key_`, `node_path_`, `key_`, `name_`, `status_`, `desc_`, `default_grant_`, `visible_`, `menu_type_`, `path_`, `component_`, `icon_`, `tag_`, `classes_`, `sort_`, `parent_id_`, `create_by_`, `create_time_`, `update_by_`, `update_time_`, `owner_user_id_`, `owner_user_account_`, `owner_dept_id_`, `owner_dept_code_`, `owner_dept_name_`) VALUES ('029230c0dd2fc5ddea01d733019b709a', '0', '0eb0de11e4df8d78', '/c85c02cea8a1ceaa/0eb0de11e4df8d78', 'sys:role:query', '角色详情', '1', NULL, '0', '1', 'B', NULL, NULL, NULL, NULL, NULL, 300, '0f0c9f9df8093dcd404940956a9f7fc4', '王澳', '2025-04-22 17:42:46', '王澳', '2025-04-22 17:42:46', '2c9281b36b3f5c07016b55483fb80e88', 'wangao', 'ff8080816e4a753b016f23c96e100128', '23010000D001', '市纪委监委领导');
INSERT IGNORE  INTO `sys_menu_` (`id_`, `owner_app_id_`, `node_key_`, `node_path_`, `key_`, `name_`, `status_`, `desc_`, `default_grant_`, `visible_`, `menu_type_`, `path_`, `component_`, `icon_`, `tag_`, `classes_`, `sort_`, `parent_id_`, `create_by_`, `create_time_`, `update_by_`, `update_time_`, `owner_user_id_`, `owner_user_account_`, `owner_dept_id_`, `owner_dept_code_`, `owner_dept_name_`) VALUES ('05aa2a8d463eb8704d15d94a5be2d4ee', '0', '6dc01ab962d03a33', '/c85c02cea8a1ceaa/6dc01ab962d03a33', 'sys:role:edit', '角色修改', '1', NULL, '0', '1', 'B', NULL, NULL, NULL, NULL, NULL, 500, '0f0c9f9df8093dcd404940956a9f7fc4', '王澳', '2025-04-22 17:42:07', '王澳', '2025-04-22 17:42:07', '2c9281b36b3f5c07016b55483fb80e88', 'wangao', 'ff8080816e4a753b016f23c96e100128', '23010000D001', '市纪委监委领导');
INSERT IGNORE  INTO `sys_menu_` (`id_`, `owner_app_id_`, `node_key_`, `node_path_`, `key_`, `name_`, `status_`, `desc_`, `default_grant_`, `visible_`, `menu_type_`, `path_`, `component_`, `icon_`, `tag_`, `classes_`, `sort_`, `parent_id_`, `create_by_`, `create_time_`, `update_by_`, `update_time_`, `owner_user_id_`, `owner_user_account_`, `owner_dept_id_`, `owner_dept_code_`, `owner_dept_name_`) VALUES ('0aefdc8ff116128d0df0574f7c8659ad', '0', 'c4100c19613129d7', '/c85c02cea8a1ceaa/c4100c19613129d7', 'sys:role:delete', '角色删除', '1', NULL, '0', '1', 'B', NULL, NULL, NULL, NULL, NULL, 600, '0f0c9f9df8093dcd404940956a9f7fc4', '王澳', '2025-04-22 17:42:31', '系统运维', '2025-05-25 11:26:24', '2c9281b36b3f5c07016b55483fb80e88', 'wangao', 'ff8080816e4a753b016f23c96e100128', '23010000D001', '市纪委监委领导');
INSERT IGNORE  INTO `sys_menu_` (`id_`, `owner_app_id_`, `node_key_`, `node_path_`, `key_`, `name_`, `status_`, `desc_`, `default_grant_`, `visible_`, `menu_type_`, `path_`, `component_`, `icon_`, `tag_`, `classes_`, `sort_`, `parent_id_`, `create_by_`, `create_time_`, `update_by_`, `update_time_`, `owner_user_id_`, `owner_user_account_`, `owner_dept_id_`, `owner_dept_code_`, `owner_dept_name_`) VALUES ('0dc92e367e3f9e2a55321b35e20a7232', '0', 'be946b558bcccbff', '/3f2b8c14e58dcc85/be946b558bcccbff', 'sys:dict:query', '字典详情', '1', NULL, '0', '1', 'B', '', '', NULL, NULL, NULL, 300, '0e40a5cef83d454f21dcf1e7b2acd259', '王澳', '2025-04-22 17:46:53', '王澳', '2025-05-01 19:00:51', '2c9281b36b3f5c07016b55483fb80e88', 'wangao', 'ff8080816e4a753b016f23c96e100128', '23010000D001', '市纪委监委领导');
INSERT IGNORE  INTO `sys_menu_` (`id_`, `owner_app_id_`, `node_key_`, `node_path_`, `key_`, `name_`, `status_`, `desc_`, `default_grant_`, `visible_`, `menu_type_`, `path_`, `component_`, `icon_`, `tag_`, `classes_`, `sort_`, `parent_id_`, `create_by_`, `create_time_`, `update_by_`, `update_time_`, `owner_user_id_`, `owner_user_account_`, `owner_dept_id_`, `owner_dept_code_`, `owner_dept_name_`) VALUES ('0e40a5cef83d454f21dcf1e7b2acd259', '0', '3f2b8c14e58dcc85', '/3f2b8c14e58dcc85', 'sys:dict:list', '字典管理', '1', NULL, '0', '1', 'F', '/dict', '/app/SysDictType/index.vue', 'menu-dict|svg', NULL, NULL, 600, '0', '王澳', '2025-04-21 19:12:54', '系统运维', '2025-05-25 11:45:59', '2c9281b36b3f5c07016b55483fb80e88', 'wangao', 'ff8080816e4a753b016f23c96e100128', '23010000D001', '市纪委监委领导');
INSERT IGNORE  INTO `sys_menu_` (`id_`, `owner_app_id_`, `node_key_`, `node_path_`, `key_`, `name_`, `status_`, `desc_`, `default_grant_`, `visible_`, `menu_type_`, `path_`, `component_`, `icon_`, `tag_`, `classes_`, `sort_`, `parent_id_`, `create_by_`, `create_time_`, `update_by_`, `update_time_`, `owner_user_id_`, `owner_user_account_`, `owner_dept_id_`, `owner_dept_code_`, `owner_dept_name_`) VALUES ('0f0c9f9df8093dcd404940956a9f7fc4', '0', 'c85c02cea8a1ceaa', '/c85c02cea8a1ceaa', 'sys:role:list', '角色管理', '1', NULL, '0', '1', 'F', '/role', '/app/SysRole/index.vue', 'menu-role|svg', NULL, NULL, 400, '0', '王澳', '2025-04-21 19:12:22', '系统运维', '2025-05-25 11:45:59', '2c9281b36b3f5c07016b55483fb80e88', 'wangao', 'ff8080816e4a753b016f23c96e100128', '23010000D001', '市纪委监委领导');
INSERT IGNORE  INTO `sys_menu_` (`id_`, `owner_app_id_`, `node_key_`, `node_path_`, `key_`, `name_`, `status_`, `desc_`, `default_grant_`, `visible_`, `menu_type_`, `path_`, `component_`, `icon_`, `tag_`, `classes_`, `sort_`, `parent_id_`, `create_by_`, `create_time_`, `update_by_`, `update_time_`, `owner_user_id_`, `owner_user_account_`, `owner_dept_id_`, `owner_dept_code_`, `owner_dept_name_`) VALUES ('1055de8cc21e41436e5d74909d8bef43', '0', '93ed3707d3065368', '/3f60a461a43652af/93ed3707d3065368', 'sys:app:importData', '导入', '1', '导入应用的数据包，用于快速传输应用基础数据。', '0', '1', 'B', NULL, NULL, NULL, NULL, NULL, 100, '85310a6b05514e448464feb5dddfdee1', '王澳', '2025-04-25 13:24:52', '王澳', '2025-04-25 13:24:52', '2c9281b36b3f5c07016b55483fb80e88', 'wangao', 'ff8080816e4a753b016f23c96e100128', '23010000D001', '市纪委监委领导');
INSERT IGNORE  INTO `sys_menu_` (`id_`, `owner_app_id_`, `node_key_`, `node_path_`, `key_`, `name_`, `status_`, `desc_`, `default_grant_`, `visible_`, `menu_type_`, `path_`, `component_`, `icon_`, `tag_`, `classes_`, `sort_`, `parent_id_`, `create_by_`, `create_time_`, `update_by_`, `update_time_`, `owner_user_id_`, `owner_user_account_`, `owner_dept_id_`, `owner_dept_code_`, `owner_dept_name_`) VALUES ('11f80555f4ae43f616223fec518bb60d', '0', 'c2b3691a31b8809d', '/ac5ca1b364f51a70/c2b3691a31b8809d', 'sys:menu:delete', '菜单删除', '1', NULL, '0', '1', 'B', NULL, NULL, NULL, NULL, NULL, 500, '722ac2f9a170926022c69fa0ea3b55c8', '王澳', '2025-04-22 17:35:51', '系统运维', '2025-05-25 11:26:34', '2c9281b36b3f5c07016b55483fb80e88', 'wangao', 'ff8080816e4a753b016f23c96e100128', '23010000D001', '市纪委监委领导');
INSERT IGNORE  INTO `sys_menu_` (`id_`, `owner_app_id_`, `node_key_`, `node_path_`, `key_`, `name_`, `status_`, `desc_`, `default_grant_`, `visible_`, `menu_type_`, `path_`, `component_`, `icon_`, `tag_`, `classes_`, `sort_`, `parent_id_`, `create_by_`, `create_time_`, `update_by_`, `update_time_`, `owner_user_id_`, `owner_user_account_`, `owner_dept_id_`, `owner_dept_code_`, `owner_dept_name_`) VALUES ('1451800d9e41c73bd1bfaf4db11764c4', '0', '113e2b770315ab29', '/a0fef405487367a4/113e2b770315ab29', 'sys:dept:delete', '组织删除', '1', NULL, '0', '1', 'B', NULL, NULL, NULL, NULL, NULL, 400, '766d2e26ab9d13412534137f40459ca3', '王澳', '2025-04-23 11:45:00', '系统运维', '2025-05-25 11:22:57', '2c9281b36b3f5c07016b55483fb80e88', 'wangao', 'ff8080816e4a753b016f23c96e100128', '23010000D001', '市纪委监委领导');
INSERT IGNORE  INTO `sys_menu_` (`id_`, `owner_app_id_`, `node_key_`, `node_path_`, `key_`, `name_`, `status_`, `desc_`, `default_grant_`, `visible_`, `menu_type_`, `path_`, `component_`, `icon_`, `tag_`, `classes_`, `sort_`, `parent_id_`, `create_by_`, `create_time_`, `update_by_`, `update_time_`, `owner_user_id_`, `owner_user_account_`, `owner_dept_id_`, `owner_dept_code_`, `owner_dept_name_`) VALUES ('1d072672a03c9fc37983d009182b2083', '0', '5b8ba2c69c28e399', '/22782a97e41bf863/d64eac4e186509e1/5b8ba2c69c28e399', 'sys:config:add', '配置新增', '1', NULL, '0', '1', 'B', NULL, NULL, NULL, NULL, NULL, 150, '8337fe088b8fd0526d3543155d810570', '王澳', '2025-04-23 12:01:35', '王澳', '2025-04-23 12:01:35', '2c9281b36b3f5c07016b55483fb80e88', 'wangao', 'ff8080816e4a753b016f23c96e100128', '23010000D001', '市纪委监委领导');
INSERT IGNORE  INTO `sys_menu_` (`id_`, `owner_app_id_`, `node_key_`, `node_path_`, `key_`, `name_`, `status_`, `desc_`, `default_grant_`, `visible_`, `menu_type_`, `path_`, `component_`, `icon_`, `tag_`, `classes_`, `sort_`, `parent_id_`, `create_by_`, `create_time_`, `update_by_`, `update_time_`, `owner_user_id_`, `owner_user_account_`, `owner_dept_id_`, `owner_dept_code_`, `owner_dept_name_`) VALUES ('226523b178400d467d570bad99f5ac5d', '0', 'hCgFVbXA', '/a6527b58de68a744/a6527b58de68a744', 'sys:user:sign', '签发证书', '1', '签发证书功能，此功能为部分地市的特性功能，按需授权开启即可！', '0', '1', 'B', NULL, NULL, NULL, NULL, NULL, 600, '4b1a91debac5cee66859370d66a10fde', '系统运维', '2025-05-26 13:53:43', '系统运维', '2025-05-26 13:54:52', '08c13e778cbd40826f394a515cb0f6c0', 'devops', 'ed7386f15e8860834583cd0552a3630c', 'system_devops_user', '系统运维管理');
INSERT IGNORE  INTO `sys_menu_` (`id_`, `owner_app_id_`, `node_key_`, `node_path_`, `key_`, `name_`, `status_`, `desc_`, `default_grant_`, `visible_`, `menu_type_`, `path_`, `component_`, `icon_`, `tag_`, `classes_`, `sort_`, `parent_id_`, `create_by_`, `create_time_`, `update_by_`, `update_time_`, `owner_user_id_`, `owner_user_account_`, `owner_dept_id_`, `owner_dept_code_`, `owner_dept_name_`) VALUES ('24d538314cc957f49166f41733ceda7a', '0', 'eDjsfeUf', '/3f2b8c14e58dcc85/3f2b8c14e58dcc85', 'sys:dict:import', '字典导入', '1', NULL, '0', '1', 'B', NULL, NULL, NULL, NULL, NULL, 100, '0e40a5cef83d454f21dcf1e7b2acd259', '系统运维', '2025-05-01 19:00:38', '系统运维', '2025-05-01 19:00:55', '08c13e778cbd40826f394a515cb0f6c0', 'devops', 'ed7386f15e8860834583cd0552a3630c', 'system_devops_user', '系统运维管理');
INSERT IGNORE  INTO `sys_menu_` (`id_`, `owner_app_id_`, `node_key_`, `node_path_`, `key_`, `name_`, `status_`, `desc_`, `default_grant_`, `visible_`, `menu_type_`, `path_`, `component_`, `icon_`, `tag_`, `classes_`, `sort_`, `parent_id_`, `create_by_`, `create_time_`, `update_by_`, `update_time_`, `owner_user_id_`, `owner_user_account_`, `owner_dept_id_`, `owner_dept_code_`, `owner_dept_name_`) VALUES ('2625eb301b295dd499ed0f728dfa1b0d', '0', '62f9136e12664a60', '/3f2b8c14e58dcc85/62f9136e12664a60', 'sys:dict:add', '字典新增', '1', NULL, '0', '1', 'B', NULL, NULL, NULL, NULL, NULL, 400, '0e40a5cef83d454f21dcf1e7b2acd259', '王澳', '2025-04-23 12:00:06', '王澳', '2025-05-01 19:00:51', '2c9281b36b3f5c07016b55483fb80e88', 'wangao', 'ff8080816e4a753b016f23c96e100128', '23010000D001', '市纪委监委领导');
INSERT IGNORE  INTO `sys_menu_` (`id_`, `owner_app_id_`, `node_key_`, `node_path_`, `key_`, `name_`, `status_`, `desc_`, `default_grant_`, `visible_`, `menu_type_`, `path_`, `component_`, `icon_`, `tag_`, `classes_`, `sort_`, `parent_id_`, `create_by_`, `create_time_`, `update_by_`, `update_time_`, `owner_user_id_`, `owner_user_account_`, `owner_dept_id_`, `owner_dept_code_`, `owner_dept_name_`) VALUES ('296fb0711e2c5d6c934c7be5d999e26f', '0', 'XyTybYGC', '/22782a97e41bf863/3063e76a00517ca5/3063e76a00517ca5/sXoOvJn7', 'sys:activiti:exportData', '模型导出', '1', NULL, '0', '1', 'B', NULL, NULL, NULL, NULL, NULL, 200, '45cc07d823fca914e3e15c5ee9d30b5f', '系统运维', '2025-05-03 15:11:05', '系统运维', '2025-05-03 15:20:53', '08c13e778cbd40826f394a515cb0f6c0', 'devops', 'ed7386f15e8860834583cd0552a3630c', 'system_devops_user', '系统运维管理');
INSERT IGNORE  INTO `sys_menu_` (`id_`, `owner_app_id_`, `node_key_`, `node_path_`, `key_`, `name_`, `status_`, `desc_`, `default_grant_`, `visible_`, `menu_type_`, `path_`, `component_`, `icon_`, `tag_`, `classes_`, `sort_`, `parent_id_`, `create_by_`, `create_time_`, `update_by_`, `update_time_`, `owner_user_id_`, `owner_user_account_`, `owner_dept_id_`, `owner_dept_code_`, `owner_dept_name_`) VALUES ('3137835bb91b3317f51b289c0f3094e4', '0', 'f90b6a9751232785', '/ac5ca1b364f51a70/f90b6a9751232785', 'sys:menu:query', '菜单详情', '1', NULL, '0', '1', 'B', '', '', NULL, NULL, NULL, 200, '722ac2f9a170926022c69fa0ea3b55c8', '王澳', '2025-04-22 17:30:44', '系统运维', '2025-05-19 10:40:05', '2c9281b36b3f5c07016b55483fb80e88', 'wangao', 'ff8080816e4a753b016f23c96e100128', '23010000D001', '市纪委监委领导');
INSERT IGNORE  INTO `sys_menu_` (`id_`, `owner_app_id_`, `node_key_`, `node_path_`, `key_`, `name_`, `status_`, `desc_`, `default_grant_`, `visible_`, `menu_type_`, `path_`, `component_`, `icon_`, `tag_`, `classes_`, `sort_`, `parent_id_`, `create_by_`, `create_time_`, `update_by_`, `update_time_`, `owner_user_id_`, `owner_user_account_`, `owner_dept_id_`, `owner_dept_code_`, `owner_dept_name_`) VALUES ('32d345d278c4f46a51a15080d7096a72', '0', 'dcc671dbd45d070a', '/3f60a461a43652af/dcc671dbd45d070a', 'sys:app:edit', '应用修改', '1', NULL, '0', '1', 'B', NULL, NULL, NULL, NULL, NULL, 500, '85310a6b05514e448464feb5dddfdee1', '王澳', '2025-04-23 11:42:20', '王澳', '2025-04-23 11:42:20', '2c9281b36b3f5c07016b55483fb80e88', 'wangao', 'ff8080816e4a753b016f23c96e100128', '23010000D001', '市纪委监委领导');
INSERT IGNORE  INTO `sys_menu_` (`id_`, `owner_app_id_`, `node_key_`, `node_path_`, `key_`, `name_`, `status_`, `desc_`, `default_grant_`, `visible_`, `menu_type_`, `path_`, `component_`, `icon_`, `tag_`, `classes_`, `sort_`, `parent_id_`, `create_by_`, `create_time_`, `update_by_`, `update_time_`, `owner_user_id_`, `owner_user_account_`, `owner_dept_id_`, `owner_dept_code_`, `owner_dept_name_`) VALUES ('333864e9e60f41571c2583497d0a0b8e', '0', '5a659432d83c10a6', '/a6527b58de68a744/5a659432d83c10a6', 'sys:user:edit', '用户修改', '1', NULL, '0', '1', 'B', NULL, NULL, NULL, NULL, NULL, 175, '4b1a91debac5cee66859370d66a10fde', '王澳', '2025-04-23 11:44:09', '王澳', '2025-04-23 11:44:09', '2c9281b36b3f5c07016b55483fb80e88', 'wangao', 'ff8080816e4a753b016f23c96e100128', '23010000D001', '市纪委监委领导');
INSERT IGNORE  INTO `sys_menu_` (`id_`, `owner_app_id_`, `node_key_`, `node_path_`, `key_`, `name_`, `status_`, `desc_`, `default_grant_`, `visible_`, `menu_type_`, `path_`, `component_`, `icon_`, `tag_`, `classes_`, `sort_`, `parent_id_`, `create_by_`, `create_time_`, `update_by_`, `update_time_`, `owner_user_id_`, `owner_user_account_`, `owner_dept_id_`, `owner_dept_code_`, `owner_dept_name_`) VALUES ('3ad76a5c54e8b9ad8ae7aebba782993e', '0', '2504ea385ffced4b', '/a0fef405487367a4/2504ea385ffced4b', 'sys:dept:add', '组织新增', '1', NULL, '0', '1', 'B', NULL, NULL, NULL, NULL, NULL, 200, '766d2e26ab9d13412534137f40459ca3', '王澳', '2025-04-23 11:44:43', '王澳', '2025-04-23 11:44:43', '2c9281b36b3f5c07016b55483fb80e88', 'wangao', 'ff8080816e4a753b016f23c96e100128', '23010000D001', '市纪委监委领导');
INSERT IGNORE  INTO `sys_menu_` (`id_`, `owner_app_id_`, `node_key_`, `node_path_`, `key_`, `name_`, `status_`, `desc_`, `default_grant_`, `visible_`, `menu_type_`, `path_`, `component_`, `icon_`, `tag_`, `classes_`, `sort_`, `parent_id_`, `create_by_`, `create_time_`, `update_by_`, `update_time_`, `owner_user_id_`, `owner_user_account_`, `owner_dept_id_`, `owner_dept_code_`, `owner_dept_name_`) VALUES ('3d5168db6040f76c84a4fc9fa5604864', '0', 'cf92a4e45f76b200', '/a6527b58de68a744/cf92a4e45f76b200', 'sys:manager:dept', '管辖组织', '1', NULL, '0', '1', 'B', NULL, NULL, NULL, NULL, NULL, 500, '4b1a91debac5cee66859370d66a10fde', '王澳', '2025-04-24 15:31:01', '王澳', '2025-04-24 15:31:01', '2c9281b36b3f5c07016b55483fb80e88', 'wangao', 'ff8080816e4a753b016f23c96e100128', '23010000D001', '市纪委监委领导');
INSERT IGNORE  INTO `sys_menu_` (`id_`, `owner_app_id_`, `node_key_`, `node_path_`, `key_`, `name_`, `status_`, `desc_`, `default_grant_`, `visible_`, `menu_type_`, `path_`, `component_`, `icon_`, `tag_`, `classes_`, `sort_`, `parent_id_`, `create_by_`, `create_time_`, `update_by_`, `update_time_`, `owner_user_id_`, `owner_user_account_`, `owner_dept_id_`, `owner_dept_code_`, `owner_dept_name_`) VALUES ('3eceaaa07dcbe15c390052c79f6c6bbd', '0', '2240f055fbb7a2d8', '/c85c02cea8a1ceaa/2240f055fbb7a2d8', 'sys:role:assign', '分配角色', '1', NULL, '0', '1', 'B', NULL, NULL, NULL, NULL, NULL, 350, '0f0c9f9df8093dcd404940956a9f7fc4', '王澳', '2025-04-23 13:29:28', '王澳', '2025-04-23 13:29:28', '2c9281b36b3f5c07016b55483fb80e88', 'wangao', 'ff8080816e4a753b016f23c96e100128', '23010000D001', '市纪委监委领导');
INSERT IGNORE  INTO `sys_menu_` (`id_`, `owner_app_id_`, `node_key_`, `node_path_`, `key_`, `name_`, `status_`, `desc_`, `default_grant_`, `visible_`, `menu_type_`, `path_`, `component_`, `icon_`, `tag_`, `classes_`, `sort_`, `parent_id_`, `create_by_`, `create_time_`, `update_by_`, `update_time_`, `owner_user_id_`, `owner_user_account_`, `owner_dept_id_`, `owner_dept_code_`, `owner_dept_name_`) VALUES ('3fe1f214404939f3a652e79a842a99f2', '0', '3jIrDOPp', '/22782a97e41bf863/3063e76a00517ca5/3063e76a00517ca5/sXoOvJn7', 'sys:activiti:detail', '模型详情', '1', NULL, '0', '1', 'B', NULL, NULL, NULL, NULL, NULL, 225, '45cc07d823fca914e3e15c5ee9d30b5f', '系统运维', '2025-05-03 15:09:58', '系统运维', '2025-05-03 15:20:58', '08c13e778cbd40826f394a515cb0f6c0', 'devops', 'ed7386f15e8860834583cd0552a3630c', 'system_devops_user', '系统运维管理');
INSERT IGNORE  INTO `sys_menu_` (`id_`, `owner_app_id_`, `node_key_`, `node_path_`, `key_`, `name_`, `status_`, `desc_`, `default_grant_`, `visible_`, `menu_type_`, `path_`, `component_`, `icon_`, `tag_`, `classes_`, `sort_`, `parent_id_`, `create_by_`, `create_time_`, `update_by_`, `update_time_`, `owner_user_id_`, `owner_user_account_`, `owner_dept_id_`, `owner_dept_code_`, `owner_dept_name_`) VALUES ('4319a95ab7c62ad0532fc32d3203fa8d', '0', 'IUKas5vl', 'IUKas5vl', 'sys:ai', 'AI服务', '1', NULL, NULL, '0', 'F', '/ai', '/app/SysChat/index.vue', 'menu-ai|svg', NULL, NULL, 1000, '0', '系统运维', '2025-05-05 11:11:04', '系统运维', '2025-05-25 11:45:59', '08c13e778cbd40826f394a515cb0f6c0', 'devops', 'ed7386f15e8860834583cd0552a3630c', 'system_devops_user', '系统运维管理');
INSERT IGNORE  INTO `sys_menu_` (`id_`, `owner_app_id_`, `node_key_`, `node_path_`, `key_`, `name_`, `status_`, `desc_`, `default_grant_`, `visible_`, `menu_type_`, `path_`, `component_`, `icon_`, `tag_`, `classes_`, `sort_`, `parent_id_`, `create_by_`, `create_time_`, `update_by_`, `update_time_`, `owner_user_id_`, `owner_user_account_`, `owner_dept_id_`, `owner_dept_code_`, `owner_dept_name_`) VALUES ('43acda6fd5b917caf76f517afa64d0de', '0', 'bd22dabffc5c2877', '/a0fef405487367a4/bd22dabffc5c2877', 'sys:dept:query', '组织详情', '1', NULL, '0', '1', 'B', '', '', NULL, NULL, NULL, 100, '766d2e26ab9d13412534137f40459ca3', '王澳', '2025-04-22 18:54:34', '王澳', '2025-04-22 18:54:34', '2c9281b36b3f5c07016b55483fb80e88', 'wangao', 'ff8080816e4a753b016f23c96e100128', '23010000D001', '市纪委监委领导');
INSERT IGNORE  INTO `sys_menu_` (`id_`, `owner_app_id_`, `node_key_`, `node_path_`, `key_`, `name_`, `status_`, `desc_`, `default_grant_`, `visible_`, `menu_type_`, `path_`, `component_`, `icon_`, `tag_`, `classes_`, `sort_`, `parent_id_`, `create_by_`, `create_time_`, `update_by_`, `update_time_`, `owner_user_id_`, `owner_user_account_`, `owner_dept_id_`, `owner_dept_code_`, `owner_dept_name_`) VALUES ('45cc07d823fca914e3e15c5ee9d30b5f', '0', 'sXoOvJn7', '/22782a97e41bf863/3063e76a00517ca5/3063e76a00517ca5', 'sys:activiti:list', '模型管理', '1', NULL, '0', '1', 'U', '/activiti', '/app/SysActiviti/index.vue', NULL, NULL, NULL, NULL, '9adfc47aba785f0eca8971ecd0e99c7f', '系统运维', '2025-05-03 15:04:54', '系统运维', '2025-05-03 15:29:07', '08c13e778cbd40826f394a515cb0f6c0', 'devops', 'ed7386f15e8860834583cd0552a3630c', 'system_devops_user', '系统运维管理');
INSERT IGNORE  INTO `sys_menu_` (`id_`, `owner_app_id_`, `node_key_`, `node_path_`, `key_`, `name_`, `status_`, `desc_`, `default_grant_`, `visible_`, `menu_type_`, `path_`, `component_`, `icon_`, `tag_`, `classes_`, `sort_`, `parent_id_`, `create_by_`, `create_time_`, `update_by_`, `update_time_`, `owner_user_id_`, `owner_user_account_`, `owner_dept_id_`, `owner_dept_code_`, `owner_dept_name_`) VALUES ('4980139db6baaca100407ecbad9aef07', '0', '0153099218b368b4', '/a6527b58de68a744/0153099218b368b4', 'sys:user:query', '用户详情', '1', NULL, '0', '1', 'B', '/sys/user', '/app/SysUser/index.vue', NULL, NULL, NULL, 100, '4b1a91debac5cee66859370d66a10fde', '王澳', '2025-04-22 18:55:02', '王澳', '2025-04-22 18:55:02', '2c9281b36b3f5c07016b55483fb80e88', 'wangao', 'ff8080816e4a753b016f23c96e100128', '23010000D001', '市纪委监委领导');
INSERT IGNORE  INTO `sys_menu_` (`id_`, `owner_app_id_`, `node_key_`, `node_path_`, `key_`, `name_`, `status_`, `desc_`, `default_grant_`, `visible_`, `menu_type_`, `path_`, `component_`, `icon_`, `tag_`, `classes_`, `sort_`, `parent_id_`, `create_by_`, `create_time_`, `update_by_`, `update_time_`, `owner_user_id_`, `owner_user_account_`, `owner_dept_id_`, `owner_dept_code_`, `owner_dept_name_`) VALUES ('4b1a91debac5cee66859370d66a10fde', '0', 'a6527b58de68a744', '/a6527b58de68a744', 'sys:user:list', '用户管理', '1', NULL, '0', '1', 'F', '/usr', '/app/SysUser/index.vue', 'menu-user|svg', NULL, NULL, 300, '0', '王澳', '2025-04-21 19:09:54', '系统运维', '2025-05-25 11:45:59', '2c9281b36b3f5c07016b55483fb80e88', 'wangao', 'ff8080816e4a753b016f23c96e100128', '23010000D001', '市纪委监委领导');
INSERT IGNORE  INTO `sys_menu_` (`id_`, `owner_app_id_`, `node_key_`, `node_path_`, `key_`, `name_`, `status_`, `desc_`, `default_grant_`, `visible_`, `menu_type_`, `path_`, `component_`, `icon_`, `tag_`, `classes_`, `sort_`, `parent_id_`, `create_by_`, `create_time_`, `update_by_`, `update_time_`, `owner_user_id_`, `owner_user_account_`, `owner_dept_id_`, `owner_dept_code_`, `owner_dept_name_`) VALUES ('6017447a3f0fa3036c4c6e6b6becc472', '0', 'ee799ff0b15842a9', '/22782a97e41bf863/d64eac4e186509e1/ee799ff0b15842a9', 'sys:config:edit', '配置修改', '1', NULL, '0', '1', 'B', NULL, NULL, NULL, NULL, NULL, 200, '8337fe088b8fd0526d3543155d810570', '王澳', '2025-04-23 12:01:47', '王澳', '2025-04-23 12:01:47', '2c9281b36b3f5c07016b55483fb80e88', 'wangao', 'ff8080816e4a753b016f23c96e100128', '23010000D001', '市纪委监委领导');
INSERT IGNORE  INTO `sys_menu_` (`id_`, `owner_app_id_`, `node_key_`, `node_path_`, `key_`, `name_`, `status_`, `desc_`, `default_grant_`, `visible_`, `menu_type_`, `path_`, `component_`, `icon_`, `tag_`, `classes_`, `sort_`, `parent_id_`, `create_by_`, `create_time_`, `update_by_`, `update_time_`, `owner_user_id_`, `owner_user_account_`, `owner_dept_id_`, `owner_dept_code_`, `owner_dept_name_`) VALUES ('61fa68fca6cb1f5322b13b9b4d9af058', '0', '9ca8902467f8b98b', '/a0fef405487367a4/9ca8902467f8b98b', 'sys:dept:member', '成员管理', '1', NULL, '0', '1', 'B', NULL, NULL, NULL, NULL, NULL, 0, '766d2e26ab9d13412534137f40459ca3', '王澳', '2025-04-28 13:04:47', '系统运维', '2025-05-25 11:32:09', '2c9281b36b3f5c07016b55483fb80e88', 'wangao', 'ff8080816e4a753b016f23c96e100128', '23010000D001', '市纪委监委领导');
INSERT IGNORE  INTO `sys_menu_` (`id_`, `owner_app_id_`, `node_key_`, `node_path_`, `key_`, `name_`, `status_`, `desc_`, `default_grant_`, `visible_`, `menu_type_`, `path_`, `component_`, `icon_`, `tag_`, `classes_`, `sort_`, `parent_id_`, `create_by_`, `create_time_`, `update_by_`, `update_time_`, `owner_user_id_`, `owner_user_account_`, `owner_dept_id_`, `owner_dept_code_`, `owner_dept_name_`) VALUES ('64c3c2b92f08db67e8e0f106a71177e8', '0', '7e60a7bed1801545', '/3f60a461a43652af/7e60a7bed1801545', 'sys:app:add', '应用新增', '1', NULL, '0', '1', 'B', NULL, NULL, NULL, NULL, NULL, 400, '85310a6b05514e448464feb5dddfdee1', '王澳', '2025-04-23 11:41:36', '王澳', '2025-04-23 11:41:36', '2c9281b36b3f5c07016b55483fb80e88', 'wangao', 'ff8080816e4a753b016f23c96e100128', '23010000D001', '市纪委监委领导');
INSERT IGNORE  INTO `sys_menu_` (`id_`, `owner_app_id_`, `node_key_`, `node_path_`, `key_`, `name_`, `status_`, `desc_`, `default_grant_`, `visible_`, `menu_type_`, `path_`, `component_`, `icon_`, `tag_`, `classes_`, `sort_`, `parent_id_`, `create_by_`, `create_time_`, `update_by_`, `update_time_`, `owner_user_id_`, `owner_user_account_`, `owner_dept_id_`, `owner_dept_code_`, `owner_dept_name_`) VALUES ('692cf693168aa2ef6652023d40b4fe51', '0', 'e7532f260128ec97', '/a6527b58de68a744/e7532f260128ec97', 'sys:online:manager', '会话管理', '1', NULL, '0', '1', 'B', NULL, NULL, NULL, NULL, NULL, 400, '4b1a91debac5cee66859370d66a10fde', '王澳', '2025-04-24 15:30:49', '王澳', '2025-04-24 15:30:49', '2c9281b36b3f5c07016b55483fb80e88', 'wangao', 'ff8080816e4a753b016f23c96e100128', '23010000D001', '市纪委监委领导');
INSERT IGNORE  INTO `sys_menu_` (`id_`, `owner_app_id_`, `node_key_`, `node_path_`, `key_`, `name_`, `status_`, `desc_`, `default_grant_`, `visible_`, `menu_type_`, `path_`, `component_`, `icon_`, `tag_`, `classes_`, `sort_`, `parent_id_`, `create_by_`, `create_time_`, `update_by_`, `update_time_`, `owner_user_id_`, `owner_user_account_`, `owner_dept_id_`, `owner_dept_code_`, `owner_dept_name_`) VALUES ('722ac2f9a170926022c69fa0ea3b55c8', '0', 'ac5ca1b364f51a70', '/ac5ca1b364f51a70', 'sys:menu:list', '菜单管理', '1', NULL, '0', '1', 'F', '/menu', '/app/SysMenu/index.vue', 'menu-menu|svg', NULL, NULL, 500, '0', '王澳', '2025-04-21 19:12:37', '系统运维', '2025-05-25 11:45:59', '2c9281b36b3f5c07016b55483fb80e88', 'wangao', 'ff8080816e4a753b016f23c96e100128', '23010000D001', '市纪委监委领导');
INSERT IGNORE  INTO `sys_menu_` (`id_`, `owner_app_id_`, `node_key_`, `node_path_`, `key_`, `name_`, `status_`, `desc_`, `default_grant_`, `visible_`, `menu_type_`, `path_`, `component_`, `icon_`, `tag_`, `classes_`, `sort_`, `parent_id_`, `create_by_`, `create_time_`, `update_by_`, `update_time_`, `owner_user_id_`, `owner_user_account_`, `owner_dept_id_`, `owner_dept_code_`, `owner_dept_name_`) VALUES ('766d2e26ab9d13412534137f40459ca3', '0', 'a0fef405487367a4', '/a0fef405487367a4', 'sys:dept:list', '组织管理', '1', NULL, '0', '1', 'F', '/org', '/app/SysDept/index.vue', 'menu-dept|svg', NULL, NULL, 200, '0', '王澳', '2025-04-21 19:12:11', '系统运维', '2025-05-25 11:45:59', '2c9281b36b3f5c07016b55483fb80e88', 'wangao', 'ff8080816e4a753b016f23c96e100128', '23010000D001', '市纪委监委领导');
INSERT IGNORE  INTO `sys_menu_` (`id_`, `owner_app_id_`, `node_key_`, `node_path_`, `key_`, `name_`, `status_`, `desc_`, `default_grant_`, `visible_`, `menu_type_`, `path_`, `component_`, `icon_`, `tag_`, `classes_`, `sort_`, `parent_id_`, `create_by_`, `create_time_`, `update_by_`, `update_time_`, `owner_user_id_`, `owner_user_account_`, `owner_dept_id_`, `owner_dept_code_`, `owner_dept_name_`) VALUES ('76f4bf434136dba159dea66449c6ecfe', '0', '22782a97e41bf863', '/22782a97e41bf863', 'config-center', '配置中心', '1', NULL, '0', '1', 'U', NULL, NULL, 'menu-config|svg', NULL, NULL, 700, '0', '王澳', '2025-04-23 14:51:36', '系统运维', '2025-05-25 11:45:59', '2c9281b36b3f5c07016b55483fb80e88', 'wangao', 'ff8080816e4a753b016f23c96e100128', '23010000D001', '市纪委监委领导');
INSERT IGNORE  INTO `sys_menu_` (`id_`, `owner_app_id_`, `node_key_`, `node_path_`, `key_`, `name_`, `status_`, `desc_`, `default_grant_`, `visible_`, `menu_type_`, `path_`, `component_`, `icon_`, `tag_`, `classes_`, `sort_`, `parent_id_`, `create_by_`, `create_time_`, `update_by_`, `update_time_`, `owner_user_id_`, `owner_user_account_`, `owner_dept_id_`, `owner_dept_code_`, `owner_dept_name_`) VALUES ('8010d2ddba6d287eb84ef260e2d5b797', '0', 'Bz6egV4c', '/22782a97e41bf863/3063e76a00517ca5/3063e76a00517ca5/sXoOvJn7', 'sys:activiti:importData', '模型导入', '1', NULL, '0', '1', 'B', NULL, NULL, NULL, NULL, NULL, 100, '45cc07d823fca914e3e15c5ee9d30b5f', '系统运维', '2025-05-03 15:10:55', '系统运维', '2025-05-03 15:18:13', '08c13e778cbd40826f394a515cb0f6c0', 'devops', 'ed7386f15e8860834583cd0552a3630c', 'system_devops_user', '系统运维管理');
INSERT IGNORE  INTO `sys_menu_` (`id_`, `owner_app_id_`, `node_key_`, `node_path_`, `key_`, `name_`, `status_`, `desc_`, `default_grant_`, `visible_`, `menu_type_`, `path_`, `component_`, `icon_`, `tag_`, `classes_`, `sort_`, `parent_id_`, `create_by_`, `create_time_`, `update_by_`, `update_time_`, `owner_user_id_`, `owner_user_account_`, `owner_dept_id_`, `owner_dept_code_`, `owner_dept_name_`) VALUES ('8337fe088b8fd0526d3543155d810570', '0', 'd64eac4e186509e1', '/22782a97e41bf863/d64eac4e186509e1', 'sys:config:list', '系统参数', '1', NULL, '0', '1', 'F', '/config', '/app/SysConfig/index.vue', '', NULL, NULL, 100, '76f4bf434136dba159dea66449c6ecfe', '王澳', '2025-04-21 19:13:13', '王澳', '2025-04-21 19:13:13', '2c9281b36b3f5c07016b55483fb80e88', 'wangao', 'ff8080816e4a753b016f23c96e100128', '23010000D001', '市纪委监委领导');
INSERT IGNORE  INTO `sys_menu_` (`id_`, `owner_app_id_`, `node_key_`, `node_path_`, `key_`, `name_`, `status_`, `desc_`, `default_grant_`, `visible_`, `menu_type_`, `path_`, `component_`, `icon_`, `tag_`, `classes_`, `sort_`, `parent_id_`, `create_by_`, `create_time_`, `update_by_`, `update_time_`, `owner_user_id_`, `owner_user_account_`, `owner_dept_id_`, `owner_dept_code_`, `owner_dept_name_`) VALUES ('85310a6b05514e448464feb5dddfdee1', '0', '3f60a461a43652af', '/3f60a461a43652af', 'sys:app:list', '应用管理', '1', NULL, '0', '1', 'F', '/app', '/app/SysApp/index.vue', 'menu-system|svg', NULL, NULL, 100, '0', '王澳', '2025-04-21 19:09:40', '系统运维', '2025-05-25 11:45:59', '2c9281b36b3f5c07016b55483fb80e88', 'wangao', 'ff8080816e4a753b016f23c96e100128', '23010000D001', '市纪委监委领导');
INSERT IGNORE  INTO `sys_menu_` (`id_`, `owner_app_id_`, `node_key_`, `node_path_`, `key_`, `name_`, `status_`, `desc_`, `default_grant_`, `visible_`, `menu_type_`, `path_`, `component_`, `icon_`, `tag_`, `classes_`, `sort_`, `parent_id_`, `create_by_`, `create_time_`, `update_by_`, `update_time_`, `owner_user_id_`, `owner_user_account_`, `owner_dept_id_`, `owner_dept_code_`, `owner_dept_name_`) VALUES ('8606d0cdf15c51dd151ed431747fddd8', '0', '24a4cf3b15e099b5', '/22782a97e41bf863/d64eac4e186509e1/24a4cf3b15e099b5', 'sys:config:query', '配置详情', '1', NULL, '0', '1', 'B', '/sys/config', '/app/SysConfig/index.vue', NULL, NULL, NULL, 100, '8337fe088b8fd0526d3543155d810570', '王澳', '2025-04-22 18:54:13', '王澳', '2025-04-22 18:54:13', '2c9281b36b3f5c07016b55483fb80e88', 'wangao', 'ff8080816e4a753b016f23c96e100128', '23010000D001', '市纪委监委领导');
INSERT IGNORE  INTO `sys_menu_` (`id_`, `owner_app_id_`, `node_key_`, `node_path_`, `key_`, `name_`, `status_`, `desc_`, `default_grant_`, `visible_`, `menu_type_`, `path_`, `component_`, `icon_`, `tag_`, `classes_`, `sort_`, `parent_id_`, `create_by_`, `create_time_`, `update_by_`, `update_time_`, `owner_user_id_`, `owner_user_account_`, `owner_dept_id_`, `owner_dept_code_`, `owner_dept_name_`) VALUES ('865a953b92ae8f78feeb54305f192d6a', '0', '65e7d86420d6ef94', '/a0fef405487367a4/65e7d86420d6ef94', 'sys:dept:edit', '组织修改', '1', NULL, '0', '1', 'B', NULL, NULL, NULL, NULL, NULL, 300, '766d2e26ab9d13412534137f40459ca3', '王澳', '2025-04-23 11:44:54', '王澳', '2025-04-23 11:44:54', '2c9281b36b3f5c07016b55483fb80e88', 'wangao', 'ff8080816e4a753b016f23c96e100128', '23010000D001', '市纪委监委领导');
INSERT IGNORE  INTO `sys_menu_` (`id_`, `owner_app_id_`, `node_key_`, `node_path_`, `key_`, `name_`, `status_`, `desc_`, `default_grant_`, `visible_`, `menu_type_`, `path_`, `component_`, `icon_`, `tag_`, `classes_`, `sort_`, `parent_id_`, `create_by_`, `create_time_`, `update_by_`, `update_time_`, `owner_user_id_`, `owner_user_account_`, `owner_dept_id_`, `owner_dept_code_`, `owner_dept_name_`) VALUES ('940ed91fbec683f723992ae5b764eba7', '0', '6dd5d73ec4c4b90f', '/3f2b8c14e58dcc85/6dd5d73ec4c4b90f', 'sys:dict:delete', '字典删除', '1', NULL, '0', '1', 'B', NULL, NULL, NULL, NULL, NULL, 600, '0e40a5cef83d454f21dcf1e7b2acd259', '王澳', '2025-04-23 12:00:40', '系统运维', '2025-05-25 11:26:41', '2c9281b36b3f5c07016b55483fb80e88', 'wangao', 'ff8080816e4a753b016f23c96e100128', '23010000D001', '市纪委监委领导');
INSERT IGNORE  INTO `sys_menu_` (`id_`, `owner_app_id_`, `node_key_`, `node_path_`, `key_`, `name_`, `status_`, `desc_`, `default_grant_`, `visible_`, `menu_type_`, `path_`, `component_`, `icon_`, `tag_`, `classes_`, `sort_`, `parent_id_`, `create_by_`, `create_time_`, `update_by_`, `update_time_`, `owner_user_id_`, `owner_user_account_`, `owner_dept_id_`, `owner_dept_code_`, `owner_dept_name_`) VALUES ('9adfc47aba785f0eca8971ecd0e99c7f', '0', '3063e76a00517ca5', '/22782a97e41bf863/3063e76a00517ca5', 'activiti-manager', '流程管理', '1', NULL, '0', '0', 'U', '', '', 'menu-flow|svg', NULL, NULL, 800, '0', '王澳', '2025-04-23 14:53:23', '系统运维', '2025-05-25 11:45:59', '2c9281b36b3f5c07016b55483fb80e88', 'wangao', 'ff8080816e4a753b016f23c96e100128', '23010000D001', '市纪委监委领导');
INSERT IGNORE  INTO `sys_menu_` (`id_`, `owner_app_id_`, `node_key_`, `node_path_`, `key_`, `name_`, `status_`, `desc_`, `default_grant_`, `visible_`, `menu_type_`, `path_`, `component_`, `icon_`, `tag_`, `classes_`, `sort_`, `parent_id_`, `create_by_`, `create_time_`, `update_by_`, `update_time_`, `owner_user_id_`, `owner_user_account_`, `owner_dept_id_`, `owner_dept_code_`, `owner_dept_name_`) VALUES ('9f35882cca44830ed2472b3b094485a6', '0', 'de3064caee4f7dc9', '/c85c02cea8a1ceaa/de3064caee4f7dc9', 'sys:role:add', '角色新增', '1', NULL, '0', '1', 'B', NULL, NULL, NULL, NULL, NULL, 400, '0f0c9f9df8093dcd404940956a9f7fc4', '王澳', '2025-04-22 17:41:08', '王澳', '2025-04-22 17:41:08', '2c9281b36b3f5c07016b55483fb80e88', 'wangao', 'ff8080816e4a753b016f23c96e100128', '23010000D001', '市纪委监委领导');
INSERT IGNORE  INTO `sys_menu_` (`id_`, `owner_app_id_`, `node_key_`, `node_path_`, `key_`, `name_`, `status_`, `desc_`, `default_grant_`, `visible_`, `menu_type_`, `path_`, `component_`, `icon_`, `tag_`, `classes_`, `sort_`, `parent_id_`, `create_by_`, `create_time_`, `update_by_`, `update_time_`, `owner_user_id_`, `owner_user_account_`, `owner_dept_id_`, `owner_dept_code_`, `owner_dept_name_`) VALUES ('ab9439d74b5b035043d91c84382950ae', '0', '9d736558a9eb2c18', '/22782a97e41bf863/d64eac4e186509e1/9d736558a9eb2c18', 'sys:config:delete', '配置删除', '1', NULL, '0', '1', 'B', NULL, NULL, NULL, NULL, NULL, 300, '8337fe088b8fd0526d3543155d810570', '王澳', '2025-04-23 12:02:18', '系统运维', '2025-05-25 14:33:59', '2c9281b36b3f5c07016b55483fb80e88', 'wangao', 'ff8080816e4a753b016f23c96e100128', '23010000D001', '市纪委监委领导');
INSERT IGNORE  INTO `sys_menu_` (`id_`, `owner_app_id_`, `node_key_`, `node_path_`, `key_`, `name_`, `status_`, `desc_`, `default_grant_`, `visible_`, `menu_type_`, `path_`, `component_`, `icon_`, `tag_`, `classes_`, `sort_`, `parent_id_`, `create_by_`, `create_time_`, `update_by_`, `update_time_`, `owner_user_id_`, `owner_user_account_`, `owner_dept_id_`, `owner_dept_code_`, `owner_dept_name_`) VALUES ('ac15903fcbb016013e16bf5ca41db7a6', '0', 'cb0207439d7f89ee', '/3f60a461a43652af/cb0207439d7f89ee', 'sys:app:exportData', '导出', '1', '导出应用的数据包，用于快速传输应用基础数据。', '0', '1', 'B', NULL, NULL, NULL, NULL, NULL, 200, '85310a6b05514e448464feb5dddfdee1', '王澳', '2025-04-25 13:24:45', '王澳', '2025-04-25 13:24:45', '2c9281b36b3f5c07016b55483fb80e88', 'wangao', 'ff8080816e4a753b016f23c96e100128', '23010000D001', '市纪委监委领导');
INSERT IGNORE  INTO `sys_menu_` (`id_`, `owner_app_id_`, `node_key_`, `node_path_`, `key_`, `name_`, `status_`, `desc_`, `default_grant_`, `visible_`, `menu_type_`, `path_`, `component_`, `icon_`, `tag_`, `classes_`, `sort_`, `parent_id_`, `create_by_`, `create_time_`, `update_by_`, `update_time_`, `owner_user_id_`, `owner_user_account_`, `owner_dept_id_`, `owner_dept_code_`, `owner_dept_name_`) VALUES ('acd1667163285934ea8d8bb618276d44', '0', 'JaLacJy9', '/22782a97e41bf863/3063e76a00517ca5/3063e76a00517ca5/sXoOvJn7', 'sys:activiti:add', '模型新增', '1', NULL, '0', '1', 'B', NULL, NULL, NULL, NULL, NULL, 250, '45cc07d823fca914e3e15c5ee9d30b5f', '系统运维', '2025-05-03 15:10:12', '系统运维', '2025-05-03 15:20:58', '08c13e778cbd40826f394a515cb0f6c0', 'devops', 'ed7386f15e8860834583cd0552a3630c', 'system_devops_user', '系统运维管理');
INSERT IGNORE  INTO `sys_menu_` (`id_`, `owner_app_id_`, `node_key_`, `node_path_`, `key_`, `name_`, `status_`, `desc_`, `default_grant_`, `visible_`, `menu_type_`, `path_`, `component_`, `icon_`, `tag_`, `classes_`, `sort_`, `parent_id_`, `create_by_`, `create_time_`, `update_by_`, `update_time_`, `owner_user_id_`, `owner_user_account_`, `owner_dept_id_`, `owner_dept_code_`, `owner_dept_name_`) VALUES ('b0492aa532892b876f01774cd82bd95e', '0', '8af20561af154a77', '/a6527b58de68a744/8af20561af154a77', 'sys:user:add', '用户新增', '1', NULL, '0', '1', 'B', NULL, NULL, NULL, NULL, NULL, 150, '4b1a91debac5cee66859370d66a10fde', '王澳', '2025-04-23 11:44:01', '王澳', '2025-04-23 11:44:01', '2c9281b36b3f5c07016b55483fb80e88', 'wangao', 'ff8080816e4a753b016f23c96e100128', '23010000D001', '市纪委监委领导');
INSERT IGNORE  INTO `sys_menu_` (`id_`, `owner_app_id_`, `node_key_`, `node_path_`, `key_`, `name_`, `status_`, `desc_`, `default_grant_`, `visible_`, `menu_type_`, `path_`, `component_`, `icon_`, `tag_`, `classes_`, `sort_`, `parent_id_`, `create_by_`, `create_time_`, `update_by_`, `update_time_`, `owner_user_id_`, `owner_user_account_`, `owner_dept_id_`, `owner_dept_code_`, `owner_dept_name_`) VALUES ('b74ba723924b64827cfb9c5dd18db465', '0', 'bfc11add824cd6a8', '/ac5ca1b364f51a70/bfc11add824cd6a8', 'sys:menu:edit', '菜单修改', '1', NULL, '0', '1', 'B', NULL, NULL, NULL, NULL, NULL, 400, '722ac2f9a170926022c69fa0ea3b55c8', '王澳', '2025-04-22 17:35:28', '系统运维', '2025-05-19 10:39:50', '2c9281b36b3f5c07016b55483fb80e88', 'wangao', 'ff8080816e4a753b016f23c96e100128', '23010000D001', '市纪委监委领导');
INSERT IGNORE  INTO `sys_menu_` (`id_`, `owner_app_id_`, `node_key_`, `node_path_`, `key_`, `name_`, `status_`, `desc_`, `default_grant_`, `visible_`, `menu_type_`, `path_`, `component_`, `icon_`, `tag_`, `classes_`, `sort_`, `parent_id_`, `create_by_`, `create_time_`, `update_by_`, `update_time_`, `owner_user_id_`, `owner_user_account_`, `owner_dept_id_`, `owner_dept_code_`, `owner_dept_name_`) VALUES ('bbc41289338306811cef57528e173b40', '0', 'l2AxpTZD', '/ac5ca1b364f51a70/ac5ca1b364f51a70', 'sys:menu:import', '导入', '1', NULL, NULL, '1', 'B', NULL, NULL, NULL, NULL, NULL, 100, '722ac2f9a170926022c69fa0ea3b55c8', '系统运维', '2025-05-19 10:39:40', '系统运维', '2025-05-19 10:40:05', '08c13e778cbd40826f394a515cb0f6c0', 'devops', 'ed7386f15e8860834583cd0552a3630c', 'system_devops_user', '系统运维管理');
INSERT IGNORE  INTO `sys_menu_` (`id_`, `owner_app_id_`, `node_key_`, `node_path_`, `key_`, `name_`, `status_`, `desc_`, `default_grant_`, `visible_`, `menu_type_`, `path_`, `component_`, `icon_`, `tag_`, `classes_`, `sort_`, `parent_id_`, `create_by_`, `create_time_`, `update_by_`, `update_time_`, `owner_user_id_`, `owner_user_account_`, `owner_dept_id_`, `owner_dept_code_`, `owner_dept_name_`) VALUES ('c72de09afe53b8905860314a322de6ad', '0', '8f4d9bf12a894c64', '/3f60a461a43652af/8f4d9bf12a894c64', 'sys:app:delete', '应用删除', '1', NULL, '0', '1', 'B', NULL, NULL, NULL, NULL, NULL, 600, '85310a6b05514e448464feb5dddfdee1', '王澳', '2025-04-23 11:42:29', '系统运维', '2025-05-25 11:20:12', '2c9281b36b3f5c07016b55483fb80e88', 'wangao', 'ff8080816e4a753b016f23c96e100128', '23010000D001', '市纪委监委领导');
INSERT IGNORE  INTO `sys_menu_` (`id_`, `owner_app_id_`, `node_key_`, `node_path_`, `key_`, `name_`, `status_`, `desc_`, `default_grant_`, `visible_`, `menu_type_`, `path_`, `component_`, `icon_`, `tag_`, `classes_`, `sort_`, `parent_id_`, `create_by_`, `create_time_`, `update_by_`, `update_time_`, `owner_user_id_`, `owner_user_account_`, `owner_dept_id_`, `owner_dept_code_`, `owner_dept_name_`) VALUES ('c8904d6e70457c47688174162542ce6a', '0', '62d2590901f993dc', '/a6527b58de68a744/62d2590901f993dc', 'sys:user:grant', '授权角色', '1', NULL, '0', '1', 'B', NULL, NULL, NULL, NULL, NULL, 125, '4b1a91debac5cee66859370d66a10fde', '王澳', '2025-04-24 15:32:20', '王澳', '2025-04-24 15:32:20', '2c9281b36b3f5c07016b55483fb80e88', 'wangao', 'ff8080816e4a753b016f23c96e100128', '23010000D001', '市纪委监委领导');
INSERT IGNORE  INTO `sys_menu_` (`id_`, `owner_app_id_`, `node_key_`, `node_path_`, `key_`, `name_`, `status_`, `desc_`, `default_grant_`, `visible_`, `menu_type_`, `path_`, `component_`, `icon_`, `tag_`, `classes_`, `sort_`, `parent_id_`, `create_by_`, `create_time_`, `update_by_`, `update_time_`, `owner_user_id_`, `owner_user_account_`, `owner_dept_id_`, `owner_dept_code_`, `owner_dept_name_`) VALUES ('c9e782be5c5eccb34f5cf3178f3ea637', '0', '0ede3b37736c94d8', '/ac5ca1b364f51a70/0ede3b37736c94d8', 'sys:menu:add', '菜单新增', '1', NULL, '0', '1', 'B', NULL, NULL, NULL, NULL, NULL, 300, '722ac2f9a170926022c69fa0ea3b55c8', '王澳', '2025-04-22 17:35:03', '系统运维', '2025-05-19 10:39:50', '2c9281b36b3f5c07016b55483fb80e88', 'wangao', 'ff8080816e4a753b016f23c96e100128', '23010000D001', '市纪委监委领导');
INSERT IGNORE  INTO `sys_menu_` (`id_`, `owner_app_id_`, `node_key_`, `node_path_`, `key_`, `name_`, `status_`, `desc_`, `default_grant_`, `visible_`, `menu_type_`, `path_`, `component_`, `icon_`, `tag_`, `classes_`, `sort_`, `parent_id_`, `create_by_`, `create_time_`, `update_by_`, `update_time_`, `owner_user_id_`, `owner_user_account_`, `owner_dept_id_`, `owner_dept_code_`, `owner_dept_name_`) VALUES ('cc61c0a55b4155f9f2581afb5a7aedd6', '0', 'd289bdabfb418fdd', '/22782a97e41bf863/d289bdabfb418fdd', 'model-manager', '模型管理', '1', NULL, '0', '1', 'F', '/model', '/app/SysModel/index.vue', '', NULL, NULL, 200, '76f4bf434136dba159dea66449c6ecfe', '王澳', '2025-04-23 14:53:08', '王澳', '2025-04-23 14:53:08', '2c9281b36b3f5c07016b55483fb80e88', 'wangao', 'ff8080816e4a753b016f23c96e100128', '23010000D001', '市纪委监委领导');
INSERT IGNORE  INTO `sys_menu_` (`id_`, `owner_app_id_`, `node_key_`, `node_path_`, `key_`, `name_`, `status_`, `desc_`, `default_grant_`, `visible_`, `menu_type_`, `path_`, `component_`, `icon_`, `tag_`, `classes_`, `sort_`, `parent_id_`, `create_by_`, `create_time_`, `update_by_`, `update_time_`, `owner_user_id_`, `owner_user_account_`, `owner_dept_id_`, `owner_dept_code_`, `owner_dept_name_`) VALUES ('ccb54fe2881427f7bb22b8ad54a4569c', '0', '2bdbe87296fc9e24', '/2bdbe87296fc9e24', 'audit', '审计', '1', NULL, '0', '1', 'U', '', NULL, 'menu-login-log|svg', NULL, NULL, 900, '0', '王澳', '2025-04-22 20:19:52', '系统运维', '2025-05-25 11:45:59', '2c9281b36b3f5c07016b55483fb80e88', 'wangao', 'ff8080816e4a753b016f23c96e100128', '23010000D001', '市纪委监委领导');
INSERT IGNORE  INTO `sys_menu_` (`id_`, `owner_app_id_`, `node_key_`, `node_path_`, `key_`, `name_`, `status_`, `desc_`, `default_grant_`, `visible_`, `menu_type_`, `path_`, `component_`, `icon_`, `tag_`, `classes_`, `sort_`, `parent_id_`, `create_by_`, `create_time_`, `update_by_`, `update_time_`, `owner_user_id_`, `owner_user_account_`, `owner_dept_id_`, `owner_dept_code_`, `owner_dept_name_`) VALUES ('d2be8bafce32751924e320aa3236831e', '0', '6bee07369947afe6', '/c85c02cea8a1ceaa/6bee07369947afe6', 'sys:role:grant', '授权菜单', '1', NULL, '0', '1', 'B', NULL, NULL, NULL, NULL, NULL, 375, '0f0c9f9df8093dcd404940956a9f7fc4', '王澳', '2025-04-23 13:29:35', '王澳', '2025-04-23 13:29:35', '2c9281b36b3f5c07016b55483fb80e88', 'wangao', 'ff8080816e4a753b016f23c96e100128', '23010000D001', '市纪委监委领导');
INSERT IGNORE  INTO `sys_menu_` (`id_`, `owner_app_id_`, `node_key_`, `node_path_`, `key_`, `name_`, `status_`, `desc_`, `default_grant_`, `visible_`, `menu_type_`, `path_`, `component_`, `icon_`, `tag_`, `classes_`, `sort_`, `parent_id_`, `create_by_`, `create_time_`, `update_by_`, `update_time_`, `owner_user_id_`, `owner_user_account_`, `owner_dept_id_`, `owner_dept_code_`, `owner_dept_name_`) VALUES ('d60f359350889e4d3cc4dfae6598b52f', '0', '9c24c66e343d4d7d', '/a6527b58de68a744/9c24c66e343d4d7d', 'sys:user:delete', '用户删除', '1', NULL, '0', '1', 'B', NULL, NULL, NULL, NULL, NULL, 200, '4b1a91debac5cee66859370d66a10fde', '王澳', '2025-04-23 11:44:16', '系统运维', '2025-05-25 11:23:21', '2c9281b36b3f5c07016b55483fb80e88', 'wangao', 'ff8080816e4a753b016f23c96e100128', '23010000D001', '市纪委监委领导');
INSERT IGNORE  INTO `sys_menu_` (`id_`, `owner_app_id_`, `node_key_`, `node_path_`, `key_`, `name_`, `status_`, `desc_`, `default_grant_`, `visible_`, `menu_type_`, `path_`, `component_`, `icon_`, `tag_`, `classes_`, `sort_`, `parent_id_`, `create_by_`, `create_time_`, `update_by_`, `update_time_`, `owner_user_id_`, `owner_user_account_`, `owner_dept_id_`, `owner_dept_code_`, `owner_dept_name_`) VALUES ('e2d786b035f8019275d36d7279bda929', '0', 'ace8d2f4fa9bab2c', '/3f2b8c14e58dcc85/ace8d2f4fa9bab2c', 'sys:dict:edit', '字典修改', '1', NULL, '0', '1', 'B', NULL, NULL, NULL, NULL, NULL, 500, '0e40a5cef83d454f21dcf1e7b2acd259', '王澳', '2025-04-23 12:00:12', '王澳', '2025-05-01 19:00:51', '2c9281b36b3f5c07016b55483fb80e88', 'wangao', 'ff8080816e4a753b016f23c96e100128', '23010000D001', '市纪委监委领导');
INSERT IGNORE  INTO `sys_menu_` (`id_`, `owner_app_id_`, `node_key_`, `node_path_`, `key_`, `name_`, `status_`, `desc_`, `default_grant_`, `visible_`, `menu_type_`, `path_`, `component_`, `icon_`, `tag_`, `classes_`, `sort_`, `parent_id_`, `create_by_`, `create_time_`, `update_by_`, `update_time_`, `owner_user_id_`, `owner_user_account_`, `owner_dept_id_`, `owner_dept_code_`, `owner_dept_name_`) VALUES ('e4bf263fb5fbe521bf8a34b97211af84', '0', 'xUjXCCfn', '/3f2b8c14e58dcc85/3f2b8c14e58dcc85', 'sys:dict:export', '字典导出', '1', NULL, '0', '1', 'B', NULL, NULL, NULL, NULL, NULL, 200, '0e40a5cef83d454f21dcf1e7b2acd259', '系统运维', '2025-05-01 19:00:29', '系统运维', '2025-05-01 19:00:51', '08c13e778cbd40826f394a515cb0f6c0', 'devops', 'ed7386f15e8860834583cd0552a3630c', 'system_devops_user', '系统运维管理');
INSERT IGNORE  INTO `sys_menu_` (`id_`, `owner_app_id_`, `node_key_`, `node_path_`, `key_`, `name_`, `status_`, `desc_`, `default_grant_`, `visible_`, `menu_type_`, `path_`, `component_`, `icon_`, `tag_`, `classes_`, `sort_`, `parent_id_`, `create_by_`, `create_time_`, `update_by_`, `update_time_`, `owner_user_id_`, `owner_user_account_`, `owner_dept_id_`, `owner_dept_code_`, `owner_dept_name_`) VALUES ('ee3123a8e1585bd41a10c7c21d8a4897', '0', 'AXqN6rn_', '/22782a97e41bf863/3063e76a00517ca5/3063e76a00517ca5/sXoOvJn7', 'sys:activiti:edit', '模型修改', '1', NULL, '0', '1', 'B', NULL, NULL, NULL, NULL, NULL, 300, '45cc07d823fca914e3e15c5ee9d30b5f', '系统运维', '2025-05-03 15:10:24', '系统运维', '2025-05-03 15:18:17', '08c13e778cbd40826f394a515cb0f6c0', 'devops', 'ed7386f15e8860834583cd0552a3630c', 'system_devops_user', '系统运维管理');
INSERT IGNORE  INTO `sys_menu_` (`id_`, `owner_app_id_`, `node_key_`, `node_path_`, `key_`, `name_`, `status_`, `desc_`, `default_grant_`, `visible_`, `menu_type_`, `path_`, `component_`, `icon_`, `tag_`, `classes_`, `sort_`, `parent_id_`, `create_by_`, `create_time_`, `update_by_`, `update_time_`, `owner_user_id_`, `owner_user_account_`, `owner_dept_id_`, `owner_dept_code_`, `owner_dept_name_`) VALUES ('f3c628aa30d89c62b6675528b680ff84', '0', 'bfbc7cded8fb1091', '/2bdbe87296fc9e24/bfbc7cded8fb1091', 'sys:log:list', '日志管理', '1', NULL, '0', '1', 'F', '/log', '/app/SysLog/index.vue', '', NULL, NULL, 0, 'ccb54fe2881427f7bb22b8ad54a4569c', '王澳', '2025-04-22 20:20:39', '系统运维', '2025-05-03 16:17:40', '2c9281b36b3f5c07016b55483fb80e88', 'wangao', 'ff8080816e4a753b016f23c96e100128', '23010000D001', '市纪委监委领导');
INSERT IGNORE  INTO `sys_menu_` (`id_`, `owner_app_id_`, `node_key_`, `node_path_`, `key_`, `name_`, `status_`, `desc_`, `default_grant_`, `visible_`, `menu_type_`, `path_`, `component_`, `icon_`, `tag_`, `classes_`, `sort_`, `parent_id_`, `create_by_`, `create_time_`, `update_by_`, `update_time_`, `owner_user_id_`, `owner_user_account_`, `owner_dept_id_`, `owner_dept_code_`, `owner_dept_name_`) VALUES ('f6c224ed54c1015d649f824a7e7fe97c', '0', 'ca22e76a057e8db9', '/3f60a461a43652af/ca22e76a057e8db9', 'sys:app:query', '应用详情', '1', NULL, '0', '1', 'B', '', '', NULL, NULL, NULL, 300, '85310a6b05514e448464feb5dddfdee1', '王澳', '2025-04-22 18:55:49', '王澳', '2025-04-22 18:55:49', '2c9281b36b3f5c07016b55483fb80e88', 'wangao', 'ff8080816e4a753b016f23c96e100128', '23010000D001', '市纪委监委领导');
INSERT IGNORE  INTO `sys_menu_` (`id_`, `owner_app_id_`, `node_key_`, `node_path_`, `key_`, `name_`, `status_`, `desc_`, `default_grant_`, `visible_`, `menu_type_`, `path_`, `component_`, `icon_`, `tag_`, `classes_`, `sort_`, `parent_id_`, `create_by_`, `create_time_`, `update_by_`, `update_time_`, `owner_user_id_`, `owner_user_account_`, `owner_dept_id_`, `owner_dept_code_`, `owner_dept_name_`) VALUES ('fb0e1c7e195a81e7233fbb2eac66cf2d', '0', 'c6e3eece036db0c3', '/2bdbe87296fc9e24/bfbc7cded8fb1091/c6e3eece036db0c3', 'sys:log:query', '日志详情', '1', NULL, '0', '1', 'B', NULL, NULL, NULL, NULL, NULL, 0, 'f3c628aa30d89c62b6675528b680ff84', '王澳', '2025-04-23 12:06:54', '王澳', '2025-04-23 12:06:54', '2c9281b36b3f5c07016b55483fb80e88', 'wangao', 'ff8080816e4a753b016f23c96e100128', '23010000D001', '市纪委监委领导');
INSERT IGNORE  INTO `sys_menu_` (`id_`, `owner_app_id_`, `node_key_`, `node_path_`, `key_`, `name_`, `status_`, `desc_`, `default_grant_`, `visible_`, `menu_type_`, `path_`, `component_`, `icon_`, `tag_`, `classes_`, `sort_`, `parent_id_`, `create_by_`, `create_time_`, `update_by_`, `update_time_`, `owner_user_id_`, `owner_user_account_`, `owner_dept_id_`, `owner_dept_code_`, `owner_dept_name_`) VALUES ('fb12520ab5fe7cc9d6a670708a804aff', '0', 'oW-lxzkQ', '/22782a97e41bf863/3063e76a00517ca5/3063e76a00517ca5/sXoOvJn7', 'sys:activiti:delete', '模型删除', '1', NULL, '0', '1', 'B', NULL, NULL, NULL, NULL, NULL, 400, '45cc07d823fca914e3e15c5ee9d30b5f', '系统运维', '2025-05-03 15:10:32', '系统运维', '2025-05-03 15:18:17', '08c13e778cbd40826f394a515cb0f6c0', 'devops', 'ed7386f15e8860834583cd0552a3630c', 'system_devops_user', '系统运维管理');

INSERT IGNORE  INTO `sys_role_menu_` (`id_`, `role_id_`, `app_id_`, `menu_id_`) VALUES ('00b1a5ed138a33219ee596d4eadb8e5e', '1909148378583826434', '0', '940ed91fbec683f723992ae5b764eba7');
INSERT IGNORE  INTO `sys_role_menu_` (`id_`, `role_id_`, `app_id_`, `menu_id_`) VALUES ('00efa3ec03531f645538ae69f046669f', '1909148378583826434', '0', 'ccb54fe2881427f7bb22b8ad54a4569c');
INSERT IGNORE  INTO `sys_role_menu_` (`id_`, `role_id_`, `app_id_`, `menu_id_`) VALUES ('016b048f5df1c5676cfa06302758ae3f', '520389bc8d1e6056bc3249f55a76fd4e', '0', '3137835bb91b3317f51b289c0f3094e4');
INSERT IGNORE  INTO `sys_role_menu_` (`id_`, `role_id_`, `app_id_`, `menu_id_`) VALUES ('01f9baeeb5164f56e4f456fdbf9493b0', '1909148378583826434', '0', '32d345d278c4f46a51a15080d7096a72');
INSERT IGNORE  INTO `sys_role_menu_` (`id_`, `role_id_`, `app_id_`, `menu_id_`) VALUES ('08e7a77cbb53363377f059aa51996a9a', '520389bc8d1e6056bc3249f55a76fd4e', '0', 'e2d786b035f8019275d36d7279bda929');
INSERT IGNORE  INTO `sys_role_menu_` (`id_`, `role_id_`, `app_id_`, `menu_id_`) VALUES ('0adf7fa35a40dd3bc2cd755b5822c869', '1909148378583826434', '0', '865a953b92ae8f78feeb54305f192d6a');
INSERT IGNORE  INTO `sys_role_menu_` (`id_`, `role_id_`, `app_id_`, `menu_id_`) VALUES ('0fade11d88f54594607c8a90d891ea3f', '520389bc8d1e6056bc3249f55a76fd4e', '0', '1451800d9e41c73bd1bfaf4db11764c4');
INSERT IGNORE  INTO `sys_role_menu_` (`id_`, `role_id_`, `app_id_`, `menu_id_`) VALUES ('111caca7f29d00ba5c5e4ebc70d49274', '1909148378583826434', '0', 'ccb54fe2881427f7bb22b8ad54a4569c');
INSERT IGNORE  INTO `sys_role_menu_` (`id_`, `role_id_`, `app_id_`, `menu_id_`) VALUES ('116bfa77d233311159be60485cf9b4f9', '520389bc8d1e6056bc3249f55a76fd4e', '0', '865a953b92ae8f78feeb54305f192d6a');
INSERT IGNORE  INTO `sys_role_menu_` (`id_`, `role_id_`, `app_id_`, `menu_id_`) VALUES ('132a8bc5eaa0cf22c6f302aa54c55b07', '520389bc8d1e6056bc3249f55a76fd4e', '0', '6017447a3f0fa3036c4c6e6b6becc472');
INSERT IGNORE  INTO `sys_role_menu_` (`id_`, `role_id_`, `app_id_`, `menu_id_`) VALUES ('136fc475cc22f4ae15fe7d74f664a626', 'e615d5ea39af87eb52f93110afad338f', '0', '4980139db6baaca100407ecbad9aef07');
INSERT IGNORE  INTO `sys_role_menu_` (`id_`, `role_id_`, `app_id_`, `menu_id_`) VALUES ('13d427b58ad98487c8fcb743fda0c469', '520389bc8d1e6056bc3249f55a76fd4e', '0', '3d5168db6040f76c84a4fc9fa5604864');
INSERT IGNORE  INTO `sys_role_menu_` (`id_`, `role_id_`, `app_id_`, `menu_id_`) VALUES ('14fabcad85322dc974b85a974259f423', '520389bc8d1e6056bc3249f55a76fd4e', '0', '76f4bf434136dba159dea66449c6ecfe');
INSERT IGNORE  INTO `sys_role_menu_` (`id_`, `role_id_`, `app_id_`, `menu_id_`) VALUES ('15d2237dc643c671d22bf8d5f76a25a7', 'e615d5ea39af87eb52f93110afad338f', '0', 'b74ba723924b64827cfb9c5dd18db465');
INSERT IGNORE  INTO `sys_role_menu_` (`id_`, `role_id_`, `app_id_`, `menu_id_`) VALUES ('16065803a986cec306003211b10abb0d', '520389bc8d1e6056bc3249f55a76fd4e', '0', 'f6c224ed54c1015d649f824a7e7fe97c');
INSERT IGNORE  INTO `sys_role_menu_` (`id_`, `role_id_`, `app_id_`, `menu_id_`) VALUES ('16070c4936ac3bc93e9b6d4e3938fca8', '1909148378583826434', '0', '3137835bb91b3317f51b289c0f3094e4');
INSERT IGNORE  INTO `sys_role_menu_` (`id_`, `role_id_`, `app_id_`, `menu_id_`) VALUES ('1961adb89887453af5112083d8df9700', '1909148378583826434', '0', '4980139db6baaca100407ecbad9aef07');
INSERT IGNORE  INTO `sys_role_menu_` (`id_`, `role_id_`, `app_id_`, `menu_id_`) VALUES ('19968bb2f3a65ab6ee944dee03a15db4', '1909148378583826434', '0', 'b74ba723924b64827cfb9c5dd18db465');
INSERT IGNORE  INTO `sys_role_menu_` (`id_`, `role_id_`, `app_id_`, `menu_id_`) VALUES ('1b935030b6692376140b0c9f23480228', '1909148378583826434', '0', 'b0492aa532892b876f01774cd82bd95e');
INSERT IGNORE  INTO `sys_role_menu_` (`id_`, `role_id_`, `app_id_`, `menu_id_`) VALUES ('1efb1aae5c47b2ef34fb2fdfc96fe87d', '1909148378583826434', '0', '0dc92e367e3f9e2a55321b35e20a7232');
INSERT IGNORE  INTO `sys_role_menu_` (`id_`, `role_id_`, `app_id_`, `menu_id_`) VALUES ('206091ca9bcf439380674bbf15ee480c', 'e615d5ea39af87eb52f93110afad338f', '0', '3d5168db6040f76c84a4fc9fa5604864');
INSERT IGNORE  INTO `sys_role_menu_` (`id_`, `role_id_`, `app_id_`, `menu_id_`) VALUES ('20f084a1d1341aca344b2cbb6174525d', '1909148378583826434', '0', '9f35882cca44830ed2472b3b094485a6');
INSERT IGNORE  INTO `sys_role_menu_` (`id_`, `role_id_`, `app_id_`, `menu_id_`) VALUES ('232b395cf123d2717db1949981b4150b', '1909148378583826434', '0', '11f80555f4ae43f616223fec518bb60d');
INSERT IGNORE  INTO `sys_role_menu_` (`id_`, `role_id_`, `app_id_`, `menu_id_`) VALUES ('25aa8ab9d238808b0a7f3b4f13e0133a', 'e615d5ea39af87eb52f93110afad338f', '0', '3ad76a5c54e8b9ad8ae7aebba782993e');
INSERT IGNORE  INTO `sys_role_menu_` (`id_`, `role_id_`, `app_id_`, `menu_id_`) VALUES ('27af3b807d4bf2c73067cf8ef58f10f2', 'e615d5ea39af87eb52f93110afad338f', '0', 'c9e782be5c5eccb34f5cf3178f3ea637');
INSERT IGNORE  INTO `sys_role_menu_` (`id_`, `role_id_`, `app_id_`, `menu_id_`) VALUES ('2ae59ecd7c1f14bc9138fa63aefe2584', '520389bc8d1e6056bc3249f55a76fd4e', '0', 'ac15903fcbb016013e16bf5ca41db7a6');
INSERT IGNORE  INTO `sys_role_menu_` (`id_`, `role_id_`, `app_id_`, `menu_id_`) VALUES ('2b045509bf03056004b2c01ffa446dcb', '520389bc8d1e6056bc3249f55a76fd4e', '0', '766d2e26ab9d13412534137f40459ca3');
INSERT IGNORE  INTO `sys_role_menu_` (`id_`, `role_id_`, `app_id_`, `menu_id_`) VALUES ('2bb604e4a09fc08d81b4f636cf148a0c', '520389bc8d1e6056bc3249f55a76fd4e', '0', '2625eb301b295dd499ed0f728dfa1b0d');
INSERT IGNORE  INTO `sys_role_menu_` (`id_`, `role_id_`, `app_id_`, `menu_id_`) VALUES ('2bf3647dab78d000a5f891c9f86d0751', '1909148378583826434', '0', '722ac2f9a170926022c69fa0ea3b55c8');
INSERT IGNORE  INTO `sys_role_menu_` (`id_`, `role_id_`, `app_id_`, `menu_id_`) VALUES ('3007be27b7597d2722f0cb881147ed2e', '1909148378583826434', '0', '64c3c2b92f08db67e8e0f106a71177e8');
INSERT IGNORE  INTO `sys_role_menu_` (`id_`, `role_id_`, `app_id_`, `menu_id_`) VALUES ('3419af6f239062ad518f4d39ba20aadf', 'e615d5ea39af87eb52f93110afad338f', '0', '3eceaaa07dcbe15c390052c79f6c6bbd');
INSERT IGNORE  INTO `sys_role_menu_` (`id_`, `role_id_`, `app_id_`, `menu_id_`) VALUES ('3897ca8d2692f77b510478e7792970c4', 'e615d5ea39af87eb52f93110afad338f', '0', '766d2e26ab9d13412534137f40459ca3');
INSERT IGNORE  INTO `sys_role_menu_` (`id_`, `role_id_`, `app_id_`, `menu_id_`) VALUES ('392974a2c4d5b3236c79c45371d8331f', '1909148378583826434', '0', '0f0c9f9df8093dcd404940956a9f7fc4');
INSERT IGNORE  INTO `sys_role_menu_` (`id_`, `role_id_`, `app_id_`, `menu_id_`) VALUES ('39885c2f4828c2b226ec0b6b04752ec5', '1909148378583826434', '0', NULL);
INSERT IGNORE  INTO `sys_role_menu_` (`id_`, `role_id_`, `app_id_`, `menu_id_`) VALUES ('3a4c2469dea5f120facc21ce2ce7c36d', '1909148378583826434', '0', 'e2d786b035f8019275d36d7279bda929');
INSERT IGNORE  INTO `sys_role_menu_` (`id_`, `role_id_`, `app_id_`, `menu_id_`) VALUES ('3a60eda7ff1f099adbb6f4d8e97e1e3a', '1909148378583826434', '0', '029230c0dd2fc5ddea01d733019b709a');
INSERT IGNORE  INTO `sys_role_menu_` (`id_`, `role_id_`, `app_id_`, `menu_id_`) VALUES ('3ba77a8f9a36acc96d033cabf0d49663', '1909148378583826434', '0', 'c72de09afe53b8905860314a322de6ad');
INSERT IGNORE  INTO `sys_role_menu_` (`id_`, `role_id_`, `app_id_`, `menu_id_`) VALUES ('3e0e33d99342b0e2e2bd9d0694b4aa82', '1909148378583826434', '0', '0e40a5cef83d454f21dcf1e7b2acd259');
INSERT IGNORE  INTO `sys_role_menu_` (`id_`, `role_id_`, `app_id_`, `menu_id_`) VALUES ('3f329ff7a5f70eee5c4c6e4c64cc4980', '1909148378583826434', '0', '766d2e26ab9d13412534137f40459ca3');
INSERT IGNORE  INTO `sys_role_menu_` (`id_`, `role_id_`, `app_id_`, `menu_id_`) VALUES ('3f66ce64d506768f4c9af52cc88d4a5c', '1909148378583826434', '0', 'f6c224ed54c1015d649f824a7e7fe97c');
INSERT IGNORE  INTO `sys_role_menu_` (`id_`, `role_id_`, `app_id_`, `menu_id_`) VALUES ('3fc173401617861b2915f98c95edad53', '1909148378583826434', '0', 'f3c628aa30d89c62b6675528b680ff84');
INSERT IGNORE  INTO `sys_role_menu_` (`id_`, `role_id_`, `app_id_`, `menu_id_`) VALUES ('406573909993fc83a0e7a640a82484c7', '520389bc8d1e6056bc3249f55a76fd4e', '0', '333864e9e60f41571c2583497d0a0b8e');
INSERT IGNORE  INTO `sys_role_menu_` (`id_`, `role_id_`, `app_id_`, `menu_id_`) VALUES ('481091d062f1981ed229bf4f1d874061', 'e615d5ea39af87eb52f93110afad338f', '0', '1451800d9e41c73bd1bfaf4db11764c4');
INSERT IGNORE  INTO `sys_role_menu_` (`id_`, `role_id_`, `app_id_`, `menu_id_`) VALUES ('494f4c49aadb726280817bf1df98522c', '1909148378583826434', '0', NULL);
INSERT IGNORE  INTO `sys_role_menu_` (`id_`, `role_id_`, `app_id_`, `menu_id_`) VALUES ('4973579ab0d379a906680b5f24ce95bb', '520389bc8d1e6056bc3249f55a76fd4e', '0', '85310a6b05514e448464feb5dddfdee1');
INSERT IGNORE  INTO `sys_role_menu_` (`id_`, `role_id_`, `app_id_`, `menu_id_`) VALUES ('4afc1b08491c233b860488dc6b821cc8', '1909148378583826434', '0', '43acda6fd5b917caf76f517afa64d0de');
INSERT IGNORE  INTO `sys_role_menu_` (`id_`, `role_id_`, `app_id_`, `menu_id_`) VALUES ('53086c38a0b765786d34f11b086cd1df', '520389bc8d1e6056bc3249f55a76fd4e', '0', '0f0c9f9df8093dcd404940956a9f7fc4');
INSERT IGNORE  INTO `sys_role_menu_` (`id_`, `role_id_`, `app_id_`, `menu_id_`) VALUES ('5359f32aefd416217cee805b7fd49222', '1909148378583826434', '0', NULL);
INSERT IGNORE  INTO `sys_role_menu_` (`id_`, `role_id_`, `app_id_`, `menu_id_`) VALUES ('5384fa79d5cedc97053720d68510c912', '520389bc8d1e6056bc3249f55a76fd4e', '0', '692cf693168aa2ef6652023d40b4fe51');
INSERT IGNORE  INTO `sys_role_menu_` (`id_`, `role_id_`, `app_id_`, `menu_id_`) VALUES ('563ef7c09069b93e609e8d1559a121bb', 'e615d5ea39af87eb52f93110afad338f', '0', '0f0c9f9df8093dcd404940956a9f7fc4');
INSERT IGNORE  INTO `sys_role_menu_` (`id_`, `role_id_`, `app_id_`, `menu_id_`) VALUES ('59ff63747f4482e4acf922617f83ccb4', '520389bc8d1e6056bc3249f55a76fd4e', '0', '3eceaaa07dcbe15c390052c79f6c6bbd');
INSERT IGNORE  INTO `sys_role_menu_` (`id_`, `role_id_`, `app_id_`, `menu_id_`) VALUES ('5a92c7716aa23cf2fdfc8c7600502c77', '1909148378583826434', '0', '4b1a91debac5cee66859370d66a10fde');
INSERT IGNORE  INTO `sys_role_menu_` (`id_`, `role_id_`, `app_id_`, `menu_id_`) VALUES ('5dad7722f4d52311a4a91d5f0ccea831', '520389bc8d1e6056bc3249f55a76fd4e', '0', '3ad76a5c54e8b9ad8ae7aebba782993e');
INSERT IGNORE  INTO `sys_role_menu_` (`id_`, `role_id_`, `app_id_`, `menu_id_`) VALUES ('6054f20618c9a3c35029306aa7c724b0', '520389bc8d1e6056bc3249f55a76fd4e', '0', 'c8904d6e70457c47688174162542ce6a');
INSERT IGNORE  INTO `sys_role_menu_` (`id_`, `role_id_`, `app_id_`, `menu_id_`) VALUES ('6186bd386bc32b44320d51a56d16b912', '1909148378583826434', '0', '2625eb301b295dd499ed0f728dfa1b0d');
INSERT IGNORE  INTO `sys_role_menu_` (`id_`, `role_id_`, `app_id_`, `menu_id_`) VALUES ('61b7ad8f3440316f103b1a9e6f77793a', '1909148378583826434', '0', '85310a6b05514e448464feb5dddfdee1');
INSERT IGNORE  INTO `sys_role_menu_` (`id_`, `role_id_`, `app_id_`, `menu_id_`) VALUES ('623bcb47be7eb12dff560f637c305fd6', 'e615d5ea39af87eb52f93110afad338f', '0', 'c8904d6e70457c47688174162542ce6a');
INSERT IGNORE  INTO `sys_role_menu_` (`id_`, `role_id_`, `app_id_`, `menu_id_`) VALUES ('63d434d94dc95c82a02d153635bb4682', '520389bc8d1e6056bc3249f55a76fd4e', '0', 'c9e782be5c5eccb34f5cf3178f3ea637');
INSERT IGNORE  INTO `sys_role_menu_` (`id_`, `role_id_`, `app_id_`, `menu_id_`) VALUES ('69156bad1ec626d0aaadbf173b092a9c', '1909148378583826434', '0', '05aa2a8d463eb8704d15d94a5be2d4ee');
INSERT IGNORE  INTO `sys_role_menu_` (`id_`, `role_id_`, `app_id_`, `menu_id_`) VALUES ('6a84c54aaa1ad5d94c88d3017a005ada', '520389bc8d1e6056bc3249f55a76fd4e', '0', '32d345d278c4f46a51a15080d7096a72');
INSERT IGNORE  INTO `sys_role_menu_` (`id_`, `role_id_`, `app_id_`, `menu_id_`) VALUES ('6dea5a66a46ad60a6bcd21616ff894c5', '1909148378583826434', '0', '3ad76a5c54e8b9ad8ae7aebba782993e');
INSERT IGNORE  INTO `sys_role_menu_` (`id_`, `role_id_`, `app_id_`, `menu_id_`) VALUES ('72ed2b23941e3d4b243fe83ff2039ad2', '1909148378583826434', '0', '029230c0dd2fc5ddea01d733019b709a');
INSERT IGNORE  INTO `sys_role_menu_` (`id_`, `role_id_`, `app_id_`, `menu_id_`) VALUES ('7641f86d493c31acc8df1578a38204a9', '1909148378583826434', '0', '9f35882cca44830ed2472b3b094485a6');
INSERT IGNORE  INTO `sys_role_menu_` (`id_`, `role_id_`, `app_id_`, `menu_id_`) VALUES ('76a91d950f26596d2d84fc791bafe075', '520389bc8d1e6056bc3249f55a76fd4e', '0', '43acda6fd5b917caf76f517afa64d0de');
INSERT IGNORE  INTO `sys_role_menu_` (`id_`, `role_id_`, `app_id_`, `menu_id_`) VALUES ('770d7b04ee924d18dfe4f7fd38a54063', '1909148378583826434', '0', 'd60f359350889e4d3cc4dfae6598b52f');
INSERT IGNORE  INTO `sys_role_menu_` (`id_`, `role_id_`, `app_id_`, `menu_id_`) VALUES ('7a32e4fd5a7b0b0b7a64fb760ce86fbe', 'e615d5ea39af87eb52f93110afad338f', '0', '9f35882cca44830ed2472b3b094485a6');
INSERT IGNORE  INTO `sys_role_menu_` (`id_`, `role_id_`, `app_id_`, `menu_id_`) VALUES ('7c3116986438067419921a908856c298', 'e615d5ea39af87eb52f93110afad338f', '0', '11f80555f4ae43f616223fec518bb60d');
INSERT IGNORE  INTO `sys_role_menu_` (`id_`, `role_id_`, `app_id_`, `menu_id_`) VALUES ('7e1d063dd9c9a554e441d5ecd4e8c911', '520389bc8d1e6056bc3249f55a76fd4e', '0', 'b74ba723924b64827cfb9c5dd18db465');
INSERT IGNORE  INTO `sys_role_menu_` (`id_`, `role_id_`, `app_id_`, `menu_id_`) VALUES ('83eeff07891a42498e6f560855c7749b', '1909148378583826434', '0', 'b74ba723924b64827cfb9c5dd18db465');
INSERT IGNORE  INTO `sys_role_menu_` (`id_`, `role_id_`, `app_id_`, `menu_id_`) VALUES ('8408257b7f6c32a384eb351246d46aae', '1909148378583826434', '0', '0aefdc8ff116128d0df0574f7c8659ad');
INSERT IGNORE  INTO `sys_role_menu_` (`id_`, `role_id_`, `app_id_`, `menu_id_`) VALUES ('85c570c2ef71c35d594b4903a5c35ffc', '1909148378583826434', '0', '0f0c9f9df8093dcd404940956a9f7fc4');
INSERT IGNORE  INTO `sys_role_menu_` (`id_`, `role_id_`, `app_id_`, `menu_id_`) VALUES ('877146febf70c52f5a2126eff69117e2', '520389bc8d1e6056bc3249f55a76fd4e', '0', '9adfc47aba785f0eca8971ecd0e99c7f');
INSERT IGNORE  INTO `sys_role_menu_` (`id_`, `role_id_`, `app_id_`, `menu_id_`) VALUES ('8a828413e12de226f97af66f22112165', '520389bc8d1e6056bc3249f55a76fd4e', '0', '029230c0dd2fc5ddea01d733019b709a');
INSERT IGNORE  INTO `sys_role_menu_` (`id_`, `role_id_`, `app_id_`, `menu_id_`) VALUES ('8edab5e9aa3574f6c6b28fe11bbe5090', '1909148378583826434', '0', '8606d0cdf15c51dd151ed431747fddd8');
INSERT IGNORE  INTO `sys_role_menu_` (`id_`, `role_id_`, `app_id_`, `menu_id_`) VALUES ('907632087dccdaa580e9c700029d68af', '1910258990948900865', '0', 'ccb54fe2881427f7bb22b8ad54a4569c');
INSERT IGNORE  INTO `sys_role_menu_` (`id_`, `role_id_`, `app_id_`, `menu_id_`) VALUES ('909ca266e3590c9784f7da859fe9cab4', 'e615d5ea39af87eb52f93110afad338f', '0', '05aa2a8d463eb8704d15d94a5be2d4ee');
INSERT IGNORE  INTO `sys_role_menu_` (`id_`, `role_id_`, `app_id_`, `menu_id_`) VALUES ('91469fa3cdd6c310f8e2ae0c86fa5aac', '1909148378583826434', '0', 'ab9439d74b5b035043d91c84382950ae');
INSERT IGNORE  INTO `sys_role_menu_` (`id_`, `role_id_`, `app_id_`, `menu_id_`) VALUES ('925102cbc4af1ec1aa8509ca030f168c', '520389bc8d1e6056bc3249f55a76fd4e', '0', '64c3c2b92f08db67e8e0f106a71177e8');
INSERT IGNORE  INTO `sys_role_menu_` (`id_`, `role_id_`, `app_id_`, `menu_id_`) VALUES ('92b1c0ecb665f6c6978e962e83b34a32', '1909148378583826434', '0', '8337fe088b8fd0526d3543155d810570');
INSERT IGNORE  INTO `sys_role_menu_` (`id_`, `role_id_`, `app_id_`, `menu_id_`) VALUES ('94c9f5f864dc86899468f159afe3bd44', 'e615d5ea39af87eb52f93110afad338f', '0', '865a953b92ae8f78feeb54305f192d6a');
INSERT IGNORE  INTO `sys_role_menu_` (`id_`, `role_id_`, `app_id_`, `menu_id_`) VALUES ('9680f5febe52864a86cc6be104be8cc2', '520389bc8d1e6056bc3249f55a76fd4e', '0', '11f80555f4ae43f616223fec518bb60d');
INSERT IGNORE  INTO `sys_role_menu_` (`id_`, `role_id_`, `app_id_`, `menu_id_`) VALUES ('968e4d250206397541f7ff702768c303', '520389bc8d1e6056bc3249f55a76fd4e', '0', '4b1a91debac5cee66859370d66a10fde');
INSERT IGNORE  INTO `sys_role_menu_` (`id_`, `role_id_`, `app_id_`, `menu_id_`) VALUES ('96ba5b5a14d8f15f16871fc6ed2534cd', 'e615d5ea39af87eb52f93110afad338f', '0', 'd60f359350889e4d3cc4dfae6598b52f');
INSERT IGNORE  INTO `sys_role_menu_` (`id_`, `role_id_`, `app_id_`, `menu_id_`) VALUES ('978ac91996f5e5e3675eed79ef6147a2', '1909148378583826434', '0', 'f6c224ed54c1015d649f824a7e7fe97c');
INSERT IGNORE  INTO `sys_role_menu_` (`id_`, `role_id_`, `app_id_`, `menu_id_`) VALUES ('97c39d8d8a14491586c9e191c84a770a', '1909148378583826434', '0', '0f0c9f9df8093dcd404940956a9f7fc4');
INSERT IGNORE  INTO `sys_role_menu_` (`id_`, `role_id_`, `app_id_`, `menu_id_`) VALUES ('9895a466414590b2f5cf9b6825839edf', 'e615d5ea39af87eb52f93110afad338f', '0', '3137835bb91b3317f51b289c0f3094e4');
INSERT IGNORE  INTO `sys_role_menu_` (`id_`, `role_id_`, `app_id_`, `menu_id_`) VALUES ('98d68e6a9523dc62123d714fed7cb3bd', '520389bc8d1e6056bc3249f55a76fd4e', '0', '1d072672a03c9fc37983d009182b2083');
INSERT IGNORE  INTO `sys_role_menu_` (`id_`, `role_id_`, `app_id_`, `menu_id_`) VALUES ('9d36967439a337c23674ee1e6d02af11', 'e615d5ea39af87eb52f93110afad338f', '0', '43acda6fd5b917caf76f517afa64d0de');
INSERT IGNORE  INTO `sys_role_menu_` (`id_`, `role_id_`, `app_id_`, `menu_id_`) VALUES ('9daad2b807cb782353ae363f0a6c730a', '1909148378583826434', '0', '43acda6fd5b917caf76f517afa64d0de');
INSERT IGNORE  INTO `sys_role_menu_` (`id_`, `role_id_`, `app_id_`, `menu_id_`) VALUES ('a1a99e67019a8a832e4608782c0082d6', '520389bc8d1e6056bc3249f55a76fd4e', '0', '0aefdc8ff116128d0df0574f7c8659ad');
INSERT IGNORE  INTO `sys_role_menu_` (`id_`, `role_id_`, `app_id_`, `menu_id_`) VALUES ('a2a7af5cba78d71f915f86e02950ccdf', '1909148378583826434', '0', '333864e9e60f41571c2583497d0a0b8e');
INSERT IGNORE  INTO `sys_role_menu_` (`id_`, `role_id_`, `app_id_`, `menu_id_`) VALUES ('a3bfc5518d486b8d31673d4c2f91bbc7', '520389bc8d1e6056bc3249f55a76fd4e', '0', '0dc92e367e3f9e2a55321b35e20a7232');
INSERT IGNORE  INTO `sys_role_menu_` (`id_`, `role_id_`, `app_id_`, `menu_id_`) VALUES ('a47ac8d12b5776de69550ed0b426173a', 'e615d5ea39af87eb52f93110afad338f', '0', '4b1a91debac5cee66859370d66a10fde');
INSERT IGNORE  INTO `sys_role_menu_` (`id_`, `role_id_`, `app_id_`, `menu_id_`) VALUES ('a859641a1780d78676b248acf3ea33e9', '1909148378583826434', '0', '8337fe088b8fd0526d3543155d810570');
INSERT IGNORE  INTO `sys_role_menu_` (`id_`, `role_id_`, `app_id_`, `menu_id_`) VALUES ('a8634b3767900d94d2f55ffbbb6bef8b', '520389bc8d1e6056bc3249f55a76fd4e', '0', '8337fe088b8fd0526d3543155d810570');
INSERT IGNORE  INTO `sys_role_menu_` (`id_`, `role_id_`, `app_id_`, `menu_id_`) VALUES ('acea1f61a800c5878075ad12c4479c14', '1909148378583826434', '0', '4980139db6baaca100407ecbad9aef07');
INSERT IGNORE  INTO `sys_role_menu_` (`id_`, `role_id_`, `app_id_`, `menu_id_`) VALUES ('aee9ad1701258c6b99ff965abc504af4', '520389bc8d1e6056bc3249f55a76fd4e', '0', 'cc61c0a55b4155f9f2581afb5a7aedd6');
INSERT IGNORE  INTO `sys_role_menu_` (`id_`, `role_id_`, `app_id_`, `menu_id_`) VALUES ('af6820170d7700ccf07973437f83ae5f', '520389bc8d1e6056bc3249f55a76fd4e', '0', 'd2be8bafce32751924e320aa3236831e');
INSERT IGNORE  INTO `sys_role_menu_` (`id_`, `role_id_`, `app_id_`, `menu_id_`) VALUES ('b0605579e849ce3ca00bc50689c5e75f', '520389bc8d1e6056bc3249f55a76fd4e', '0', 'c72de09afe53b8905860314a322de6ad');
INSERT IGNORE  INTO `sys_role_menu_` (`id_`, `role_id_`, `app_id_`, `menu_id_`) VALUES ('b1d11b938def7a2e2fdf51cb1bf27645', '520389bc8d1e6056bc3249f55a76fd4e', '0', '1055de8cc21e41436e5d74909d8bef43');
INSERT IGNORE  INTO `sys_role_menu_` (`id_`, `role_id_`, `app_id_`, `menu_id_`) VALUES ('b35481f5f900c0ad3aefb9b8d0f2fec1', 'e615d5ea39af87eb52f93110afad338f', '0', '722ac2f9a170926022c69fa0ea3b55c8');
INSERT IGNORE  INTO `sys_role_menu_` (`id_`, `role_id_`, `app_id_`, `menu_id_`) VALUES ('b4ccf8dc243310a7271668f34c5cf78f', '520389bc8d1e6056bc3249f55a76fd4e', '0', '722ac2f9a170926022c69fa0ea3b55c8');
INSERT IGNORE  INTO `sys_role_menu_` (`id_`, `role_id_`, `app_id_`, `menu_id_`) VALUES ('b84950100098f11429af3bd162e44986', '1909148378583826434', '0', '85310a6b05514e448464feb5dddfdee1');
INSERT IGNORE  INTO `sys_role_menu_` (`id_`, `role_id_`, `app_id_`, `menu_id_`) VALUES ('b880f4210cc28f30e419be29d07fa1cd', '1909148378583826434', '0', '6017447a3f0fa3036c4c6e6b6becc472');
INSERT IGNORE  INTO `sys_role_menu_` (`id_`, `role_id_`, `app_id_`, `menu_id_`) VALUES ('ba2b13d21bd36f0e7aab9d80754d47be', '520389bc8d1e6056bc3249f55a76fd4e', '0', '9f35882cca44830ed2472b3b094485a6');
INSERT IGNORE  INTO `sys_role_menu_` (`id_`, `role_id_`, `app_id_`, `menu_id_`) VALUES ('ba8a8f503f45ff21ae3cf365fc13a5e4', 'e615d5ea39af87eb52f93110afad338f', '0', '333864e9e60f41571c2583497d0a0b8e');
INSERT IGNORE  INTO `sys_role_menu_` (`id_`, `role_id_`, `app_id_`, `menu_id_`) VALUES ('bea14268efa4b041f1161ded3e07d388', '1909148378583826434', '0', '1451800d9e41c73bd1bfaf4db11764c4');
INSERT IGNORE  INTO `sys_role_menu_` (`id_`, `role_id_`, `app_id_`, `menu_id_`) VALUES ('c0574fddac659b9ae304c2fc2918f017', '520389bc8d1e6056bc3249f55a76fd4e', '0', '0e40a5cef83d454f21dcf1e7b2acd259');
INSERT IGNORE  INTO `sys_role_menu_` (`id_`, `role_id_`, `app_id_`, `menu_id_`) VALUES ('c06c45e1fd19cf445edfa4c96a8ff841', '1910258990948900865', '0', 'fb0e1c7e195a81e7233fbb2eac66cf2d');
INSERT IGNORE  INTO `sys_role_menu_` (`id_`, `role_id_`, `app_id_`, `menu_id_`) VALUES ('c687f29164492df920143aaacb8ec012', 'e615d5ea39af87eb52f93110afad338f', '0', '0aefdc8ff116128d0df0574f7c8659ad');
INSERT IGNORE  INTO `sys_role_menu_` (`id_`, `role_id_`, `app_id_`, `menu_id_`) VALUES ('c9221bef267d1d00a0a802ced709b08e', '1909148378583826434', '0', 'f3c628aa30d89c62b6675528b680ff84');
INSERT IGNORE  INTO `sys_role_menu_` (`id_`, `role_id_`, `app_id_`, `menu_id_`) VALUES ('ca3068c36d414948fd67cebca2257a04', '1909148378583826434', '0', '0dc92e367e3f9e2a55321b35e20a7232');
INSERT IGNORE  INTO `sys_role_menu_` (`id_`, `role_id_`, `app_id_`, `menu_id_`) VALUES ('cee923001a1a1fd35025c8144139c4a0', '520389bc8d1e6056bc3249f55a76fd4e', '0', '8606d0cdf15c51dd151ed431747fddd8');
INSERT IGNORE  INTO `sys_role_menu_` (`id_`, `role_id_`, `app_id_`, `menu_id_`) VALUES ('cf5ea31e53fc17f266aead41fcec0545', '1909148378583826434', '0', NULL);
INSERT IGNORE  INTO `sys_role_menu_` (`id_`, `role_id_`, `app_id_`, `menu_id_`) VALUES ('d14735a35fff22e693f387f6de820f76', 'e615d5ea39af87eb52f93110afad338f', '0', 'd2be8bafce32751924e320aa3236831e');
INSERT IGNORE  INTO `sys_role_menu_` (`id_`, `role_id_`, `app_id_`, `menu_id_`) VALUES ('d5868d88643700a9c6f72ccce9db02ca', '1909148378583826434', '0', '0aefdc8ff116128d0df0574f7c8659ad');
INSERT IGNORE  INTO `sys_role_menu_` (`id_`, `role_id_`, `app_id_`, `menu_id_`) VALUES ('d6c201be35f62c36792ae609ddc84966', '520389bc8d1e6056bc3249f55a76fd4e', '0', 'd60f359350889e4d3cc4dfae6598b52f');
INSERT IGNORE  INTO `sys_role_menu_` (`id_`, `role_id_`, `app_id_`, `menu_id_`) VALUES ('d744f604b9a140c5673fa7942228cf1b', '520389bc8d1e6056bc3249f55a76fd4e', '0', '4980139db6baaca100407ecbad9aef07');
INSERT IGNORE  INTO `sys_role_menu_` (`id_`, `role_id_`, `app_id_`, `menu_id_`) VALUES ('db8906f3d3e66da73b434218f4a2d254', '520389bc8d1e6056bc3249f55a76fd4e', '0', '05aa2a8d463eb8704d15d94a5be2d4ee');
INSERT IGNORE  INTO `sys_role_menu_` (`id_`, `role_id_`, `app_id_`, `menu_id_`) VALUES ('dee2999aa3cb1dc8f18f3aae0f2b8090', '520389bc8d1e6056bc3249f55a76fd4e', '0', '940ed91fbec683f723992ae5b764eba7');
INSERT IGNORE  INTO `sys_role_menu_` (`id_`, `role_id_`, `app_id_`, `menu_id_`) VALUES ('e0d8c8ac758ff9e56db5335a5ad2e9bf', '1909148378583826434', '0', '766d2e26ab9d13412534137f40459ca3');
INSERT IGNORE  INTO `sys_role_menu_` (`id_`, `role_id_`, `app_id_`, `menu_id_`) VALUES ('e2cdbdb23d06c7e9b606725e775e0c26', '1909148378583826434', '0', '4b1a91debac5cee66859370d66a10fde');
INSERT IGNORE  INTO `sys_role_menu_` (`id_`, `role_id_`, `app_id_`, `menu_id_`) VALUES ('e3958ea31fa7e770ebf7f31970e02037', '1909148378583826434', '0', 'c9e782be5c5eccb34f5cf3178f3ea637');
INSERT IGNORE  INTO `sys_role_menu_` (`id_`, `role_id_`, `app_id_`, `menu_id_`) VALUES ('e3ce36033ba088408c1028f8f0b067a8', '1909148378583826434', '0', NULL);
INSERT IGNORE  INTO `sys_role_menu_` (`id_`, `role_id_`, `app_id_`, `menu_id_`) VALUES ('e519ab08cc9e53c09b5c3f68657b64af', '1910258990948900865', '0', 'f3c628aa30d89c62b6675528b680ff84');
INSERT IGNORE  INTO `sys_role_menu_` (`id_`, `role_id_`, `app_id_`, `menu_id_`) VALUES ('e7475d660187b09a359f40110667d2b4', '1909148378583826434', '0', 'fb0e1c7e195a81e7233fbb2eac66cf2d');
INSERT IGNORE  INTO `sys_role_menu_` (`id_`, `role_id_`, `app_id_`, `menu_id_`) VALUES ('e841883e6859e6cbd3c0bce65d3586b9', 'e615d5ea39af87eb52f93110afad338f', '0', 'b0492aa532892b876f01774cd82bd95e');
INSERT IGNORE  INTO `sys_role_menu_` (`id_`, `role_id_`, `app_id_`, `menu_id_`) VALUES ('e8dbba566902a6fee29c4eb93f998604', '520389bc8d1e6056bc3249f55a76fd4e', '0', 'b0492aa532892b876f01774cd82bd95e');
INSERT IGNORE  INTO `sys_role_menu_` (`id_`, `role_id_`, `app_id_`, `menu_id_`) VALUES ('ea024fab248d968ae84904b4dd4e5736', '1909148378583826434', '0', '8606d0cdf15c51dd151ed431747fddd8');
INSERT IGNORE  INTO `sys_role_menu_` (`id_`, `role_id_`, `app_id_`, `menu_id_`) VALUES ('eadff18b66d050d09d21e6a3844ec8e6', '1909148378583826434', '0', '0e40a5cef83d454f21dcf1e7b2acd259');
INSERT IGNORE  INTO `sys_role_menu_` (`id_`, `role_id_`, `app_id_`, `menu_id_`) VALUES ('f3d57481bb7fe3decd7be21ce34346db', '520389bc8d1e6056bc3249f55a76fd4e', '0', 'ab9439d74b5b035043d91c84382950ae');
INSERT IGNORE  INTO `sys_role_menu_` (`id_`, `role_id_`, `app_id_`, `menu_id_`) VALUES ('fa515c5ec833018d66119a20ed1814b9', '1909148378583826434', '0', '722ac2f9a170926022c69fa0ea3b55c8');
INSERT IGNORE  INTO `sys_role_menu_` (`id_`, `role_id_`, `app_id_`, `menu_id_`) VALUES ('fc1789cb4b75ceb2b6c4721b35495ebb', '1909148378583826434', '0', '1d072672a03c9fc37983d009182b2083');
INSERT IGNORE  INTO `sys_role_menu_` (`id_`, `role_id_`, `app_id_`, `menu_id_`) VALUES ('fd150e83314882e379bf8dde378d32b3', 'e615d5ea39af87eb52f93110afad338f', '0', '029230c0dd2fc5ddea01d733019b709a');
INSERT IGNORE  INTO `sys_role_menu_` (`id_`, `role_id_`, `app_id_`, `menu_id_`) VALUES ('fd22b985f58cc988b3898a2b407b5015', 'e615d5ea39af87eb52f93110afad338f', '0', '692cf693168aa2ef6652023d40b4fe51');

INSERT IGNORE  INTO `sys_user_` (`id_`, `dept_id_`, `dept_identity_`, `username_`, `password_`, `mask_v_`, `password_policy_`, `password_expired_`, `old_password_`, `nickname_`, `realname_`, `sex_`, `card_type_`, `card_no_`, `phone_`, `email_`, `work_addr_`, `work_unit_`, `work_pos_`, `work_rank_`, `home_addr_`, `home_phone_`, `source_`, `sort_`, `status_`, `account_lock_`, `last_change_password_`, `create_by_`, `create_time_`, `update_by_`, `update_time_`, `owner_user_id_`, `owner_user_account_`, `owner_dept_id_`, `owner_dept_code_`, `owner_dept_name_`) VALUES ('08c13e778cbd40826f394a515cb0f6c0', '0', NULL, 'devops', '0585545e1492db4dd03481a22579d3722a057a1838a363aba7054fe707195d1e', NULL, NULL, NULL, NULL, '系统运维用户', '系统运维', '1', 'S', 'xxxxxx', NULL, NULL, NULL, NULL, NULL, NULL, NULL, NULL, NULL, 51400, '1', '0', NULL, '王澳', '2025-04-28 13:15:56', '王澳', '2025-04-28 13:15:56', '2c9281b36b3f5c07016b55483fb80e88', 'wangao', 'ff8080816e4a753b016f23c96e100128', '23010000D001', '市纪委监委领导');
INSERT IGNORE  INTO `sys_user_role_` (`id_`, `user_id_`, `role_id_`, `app_id_`) VALUES ('d15a490233b8c946abea0268bd0d5381', '08c13e778cbd40826f394a515cb0f6c0', '888239fc9b9758475350fbc59c0f9849', '0');
